廠別,棟別,樓層,站點,MachID,問題分類,問題描述,問題子分類,報案時間
ASEF3,K25,8F,2400,802,過帳相關,機台作業總片數與MES總片數比對失敗,無法過帳,2025/9/28 下午 11:38:21
ASEF3,K25,8F,2845,803,自動化設備相關,2845-803機台上方天車塞住,卡盒卡盤,2025/9/28 下午 11:32:54
ASEF3,K25,8F,2890,ALL,自動化設備相關,,卡盒卡盤,2025/9/28 下午 11:21:40
ASEF3,K25,8F,2395,812,過帳相關,機台作業總片數與MES總片數比對失敗,無法過帳,2025/9/28 下午 11:20:58
ASEF3,K25,8F,3260,ALL,自動化設備相關,,卡盒卡盤,2025/9/28 下午 11:13:29
ASEF3,K25,8F,2395,805,過帳相關,機台作業總片數與MES總片數比對失敗,無法過帳,2025/9/28 下午 11:08:54
ASEF3,K25,8F,2400,01,過帳相關,"ASEF3-2400-801 CA03212BK EIG 392K3D 2400 K02984 LogEAP_Error 機台作業總片數與MES總片數比對失敗，不進行Move Out，Machine_QTY：[8]，MES_QTY：[16] 
2 ASEF3-2400-801 CA03212BK EIG 392K3A 2400 K02984 LogEAP_Error 機台作業總片數與MES總片數比對失敗，不進行Move Out，Machine_QTY：[8]，MES_QTY：[16]",無法過帳,2025/9/28 下午 10:56:08
ASEF3,K25,8F,2890,801,自動化設備相關,,卡盒卡盤,2025/9/28 下午 10:55:42
ASEF3,K25,8F,3260,ALL,自動化設備相關,,卡盒卡盤,2025/9/28 下午 10:54:06
ASEF3,K25,8F,2395,804,過帳相關,"ASEF3-2395-804 CA00511BK EIG 382KWJW003 2395 C7468 LogEAP_Error 機台作業總片數與MES總片數比對失敗，不進行Move Out，Machine_QTY：[12]，MES_QTY：[24] 
2 ASEF3-2395-804 CA00511BK EIG 382KW7W003 2395 C7468 LogEAP_Error 機台作業總片數與MES總片數比對失敗，不進行Move Out，Machine_QTY：[12]，MES_QTY：[24]",無法過帳,2025/9/28 下午 10:49:50
ASEF3,K25,8F,3670,ALL,自動化設備相關,,機台異常,2025/9/28 下午 10:23:16
ASEF3,K25,8F,2400,815,過帳相關,小黑盒,無法過帳,2025/9/28 下午 10:22:33
ASEF3,K25,8F,2400,14,過帳相關,小黑盒,無法過帳,2025/9/28 下午 09:58:12
ASEF3,K25,8F,2400,03,過帳相關,"ASEF3-2400-803 CA00588BK EIG 382KXYW002 2400 D9318 LogEAP_Error 機台作業總片數與MES總片數比對失敗，不進行Move Out，Machine_QTY：[13]，MES_QTY：[26] 
3 ASEF3-2400-803 CA00588BK EIG 382KXYW001 2400 D9318 LogEAP_Error 機台作業總片數與MES總片數比對失敗，不進行Move Out，Machine_QTY：[13]，MES_QTY：[26]",無法過帳,2025/9/28 下午 09:50:26
ASEF3,K25,8F,2400,08,過帳相關,小黑盒,無法過帳,2025/9/28 下午 09:49:42
ASEF3,K25,8F,3260,ALL,自動化設備相關,,卡盒卡盤,2025/9/28 下午 09:41:05
ASEF3,K25,8F,3260,ALL,自動化設備相關,,卡盒卡盤,2025/9/28 下午 09:37:25
ASEF3,K25,8F,2395,803,過帳相關,通訊版ERROR,無法過帳,2025/9/28 下午 09:33:29
ASEF3,K25,8F,3260,ALL,自動化設備相關,,卡盒卡盤,2025/9/28 下午 09:16:53
ASEF3,K25,8F,2395,806,過帳相關,"ASEF3-2395-808 CA00659BK EIG LEQMXRW002 2395 G0891 LogEAP_Error 機台作業總片數與MES總片數比對成功，Machine_QTY：[13]，MES_QTY：[13] 
2 ASEF3-2395-808 CA00659BK EIG LEQMXRW001 2395 G0891 LogEAP_Error 機台作業總片數與MES總片數比對成功，Machine_QTY：[13]，MES_QTY：[13] 
 
 
 . 

處理中,請稍候..",無法過帳,2025/9/28 下午 09:14:03
ASEF3,K11,8F,3260,ALL,自動化設備相關,,機台異常,2025/9/28 下午 09:00:02
ASEF3,K11,8F,4110,ALL,自動化設備相關,,機台異常,2025/9/28 下午 08:50:12
ASEF1,K21,5F,3910,C01S,過帳相關,"3910-C01S  因VPS讀取失敗無法打印2條產品。
批號為 : 
5-39IEH9-002-002,
5-39IEH9-002-003,
請協助消除此2條批號之作業紀錄，謝謝。",無法過帳,2025/9/28 下午 08:47:35
ASEF3,K25,8F,2395,806,過帳相關,小黑盒NG,無法過帳,2025/9/28 下午 08:41:06
ASEF3,K25,8F,2400,01,過帳相關,"ASEF3-2400-801 CA01067BK EIG 392K9L 2400 D9318 LogEAP_Error 機台作業總片數與MES總片數比對失敗，不進行Move Out，Machine_QTY：[8]，MES_QTY：[16] 
2 ASEF3-2400-801 CA01067BK EIG 392K9K 2400 D9318 LogEAP_Error 機台作業總片數與MES總片數比對失敗，不進行Move Out，Machine_QTY：[8]，MES_QTY：[16]",無法過帳,2025/9/28 下午 08:40:59
ASEF3,K25,7F,2890,801,自動化設備相關,,卡盒卡盤,2025/9/28 下午 08:38:06
ASEF3,K25,8F,2395,805,過帳相關,機台作業總片數與MES總片數比對失敗,無法過帳,2025/9/28 下午 08:37:22
ASEF3,K25,8F,2400,07,過帳相關,小黑盒,無法過帳,2025/9/28 下午 08:28:41
ASEF3,K25,8F,2400,07,過帳相關,"ASEF3-2400-807 CA00837BK EIG AYQMUT 2400 D9318 LogEAP_Error 機台作業總片數與MES總片數比對成功，Machine_QTY：[12]，MES_QTY：[12] 
2 ASEF3-2400-807 NA EIG AYQMUT  A3CIM_AP EAP_AlarmCode_RepairEQP EAP_AlarmCode_RepairEQP 失敗(Fail):機台站點為：'2400'，但目前機故碼：'E07' 不允許站點:2400，請重新確認 ; Machine Step is '2400' but Downcode:'E07' don't allow Step:'2400' please check again",無法過帳,2025/9/28 下午 08:24:17
ASEF3,K25,8F,3450,ALL,自動化設備相關,,卡盒卡盤,2025/9/28 下午 08:22:42
ASEF3,K25,8F,3260,ALL,自動化設備相關,,卡盒卡盤,2025/9/28 下午 08:22:12
ASEF3,K25,8F,2395,804,過帳相關,"ASEF3-2395-804 CA01378BK EIG 382KXYW003 2395 G0891 LogEAP_Error 機台作業總片數與MES總片數比對失敗，不進行Move Out，Machine_QTY：[12]，MES_QTY：[24] 
2 ASEF3-2395-804 CA01378BK EIG 382KXLW003 2395 G0891 LogEAP_Error 機台作業總片數與MES總片數比對失敗，不進行Move Out，Machine_QTY：[12]，MES_QTY：[24]",無法過帳,2025/9/28 下午 08:15:30
ASEF3,K25,8F,2400,04,過帳相關,"ASEF3-2400-804 CA03134BK EIG 392K92 2400 D9318 LogEAP_Error 機台作業總片數與MES總片數比對失敗，不進行Move Out，Machine_QTY：[9]，MES_QTY：[18] 
2 ASEF3-2400-804 CA03134BK EIG 392K91 2400 D9318 LogEAP_Error 機台作業總片數與MES總片數比對失敗，不進行Move Out，Machine_QTY：[9]，MES_QTY：[18]",無法過帳,2025/9/28 下午 08:00:32
ASEF1,K22,8F,2945,0380,關閉比對,2945-0380 為虛擬機台過帳使用，還請協助關閉比對，謝謝。,關整台,2025/9/28 下午 07:45:54
ASEF3,K11,8F,4110,ALL,自動化設備相關,,機台異常,2025/9/28 下午 07:43:39
ASEF1,K21,8F,2895,A01F,關閉比對,2895-A01F  1932L持續作業，還請協助關閉2895比對作業,關整台,2025/9/28 下午 07:40:13
ASEF1,K21,8F,2715,A01,自動化設備相關,2715-01  NG,機台異常,2025/9/28 下午 07:13:31
ASEF3,K25,8F,3260,ALL,自動化設備相關,,卡盒卡盤,2025/9/28 下午 06:46:33
ASEF3,K25,8F,2400,802,過帳相關,小黑盒,無法過帳,2025/9/28 下午 06:27:24
ASEF1,K21,8F,2715,A02,自動化設備相關,2715-02 NG,機台異常,2025/9/28 下午 06:18:07
ASEF3,K25,8F,2395,801,過帳相關,小黑盒,無法過帳,2025/9/28 下午 06:10:57
ASEF3,K25,8F,2900,804H,過帳相關,TrackOut 失敗(Fail):批號:392K8PB003 WAFERID蒐集站點請輸入WAFERID.(MUST KEY IN WAFERID),無法過帳,2025/9/28 下午 06:10:36
ASEF3,K25,8F,2400,815,過帳相關,小黑盒,無法過帳,2025/9/28 下午 06:06:13
ASEF3,K25,8F,2395,804,過帳相關,小黑盒,無法過帳,2025/9/28 下午 05:57:32
ASEF3,K25,8F,2395,804,過帳相關,片數,無法過帳,2025/9/28 下午 05:55:58
ASEF3,K25,8F,3190,802,自動化設備相關,品質活動,過壓防撞,2025/9/28 下午 05:49:36
ASEF3,K25,8F,2900,807H,過帳相關,"LotLEQMVCB001的狀態目前為Hold無法執行此功能，請確認
QA  PSN",無法過帳,2025/9/28 下午 05:38:46
ASEF3,K25,8F,2400,807,過帳相關,小黑盒,無法過帳,2025/9/28 下午 05:12:41
ASEF1,K21,8F,2715,A02,自動化設備相關,NG,機台異常,2025/9/28 下午 05:10:32
ASEF3,K25,8F,2400,804,過帳相關,片數,無法過帳,2025/9/28 下午 05:10:24
ASEF3,K25,8F,2400,804,過帳相關,片數,無法過帳,2025/9/28 下午 05:09:38
ASEF3,K25,8F,3670,ALL,自動化設備相關,na,機台異常,2025/9/28 下午 05:02:07
ASEF3,K25,8F,3260,ALL,自動化設備相關,na,機台異常,2025/9/28 下午 05:01:46
ASEF3,K25,8F,2395,808,過帳相關,小黑盒,無法過帳,2025/9/28 下午 04:44:06
ASEF1,K21,8F,2715,A02,自動化設備相關,NG,過壓防撞,2025/9/28 下午 04:35:09
ASEF3,K25,8F,2900,806H,過帳相關,AZQMZ2B003 換貨,無法過帳,2025/9/28 下午 04:33:12
ASEF3,K25,8F,3260,ALL,自動化設備相關,na,機台異常,2025/9/28 下午 04:19:17
ASEF3,K25,8F,4110,ALL,自動化設備相關,,機台異常,2025/9/28 下午 03:55:39
ASEF3,K25,8F,3260,ALL,自動化設備相關,,機台異常,2025/9/28 下午 03:54:05
ASEF3,K25,8F,2195,804,過帳相關,"品質活動 CASS ID
",無法過帳,2025/9/28 下午 03:40:55
ASEF1,K21,8F,2500,ALL,自動化設備相關,2500 B區手臂異常,機台異常,2025/9/28 下午 03:35:31
ASEF1,K21,8F,2715,ALL,自動化設備相關,"A02:機台異常
A03:過壓",機台異常,2025/9/28 下午 03:34:29
ASEF1,K21,8F,2715,ALL,自動化設備相關,2715-01 02  NG,機台異常,2025/9/28 下午 03:30:16
ASEF3,K25,8F,3260,ALL,自動化設備相關,na,機台異常,2025/9/28 下午 03:19:53
ASEF3,K11,7F,4730,803,過帳相關,"TrackIn 失敗(Fail):382KT0B032(Magazine ID:MA03200DU) REFLOW_SECS_WS_AUTOMATION Recipe To EAP失敗, Please cal EE or FA to check EAP Server(SendREFLOW_SECS_WS_AUTOMATION Recipe To EAP Fail, Please cal EE or FA to check EAP Server){""FAIL_GROUP"":""N"",""ERROR_CODE"":""CP001"",""ERROR_MESSAGE"":""FAIL, PPC_COMPARE_FAIL""}機台:[ASEF3-4730-803]",無法過帳,2025/9/28 下午 03:18:56
ASEF3,K25,8F,3670,ALL,自動化設備相關,na,機台異常,2025/9/28 下午 03:12:47
ASEF3,K25,8F,2400,813,過帳相關,片數,無法過帳,2025/9/28 下午 03:03:48
ASEF3,K25,8F,3260,ALL,自動化設備相關,na,機台異常,2025/9/28 下午 02:56:07
ASEF1,K21,8F,2715,A02,自動化設備相關,NG,過壓防撞,2025/9/28 下午 02:52:40
ASEF3,K25,8F,2400,802,過帳相關,小黑盒,無法過帳,2025/9/28 下午 02:49:03
ASEF3,K25,8F,4110,ALL,自動化設備相關,na,機台異常,2025/9/28 下午 02:45:00
ASEF3,K25,8F,2400,804,過帳相關,片數,無法過帳,2025/9/28 下午 02:40:46
ASEF3,K25,8F,2400,804,過帳相關,片數,無法過帳,2025/9/28 下午 02:40:12
ASEF3,K25,8F,4110,ALL,自動化設備相關,na,機台異常,2025/9/28 下午 02:37:16
ASEF3,K25,8F,2900,801H,過帳相關,TrackOut 失敗(Fail):Lot382KTTB003的狀態目前為Hold無法執行此功能，請確認。 The status of this lot 382KTTB003is Hold.You can't performance this rule.Please check.,異常退盒,2025/9/28 下午 02:33:23
ASEF3,K25,8F,2395,803,過帳相關,機台作業總片數與MES總片數比對失敗,無法過帳,2025/9/28 下午 02:17:50
ASEF1,K21,8F,2715,A01,自動化設備相關,2715-01 NG,機台異常,2025/9/28 下午 02:11:13
ASEF3,K25,8F,2400,813,過帳相關,小黑盒,無法過帳,2025/9/28 下午 01:57:52
ASEF3,K25,8F,2900,804H,過帳相關,TrackOut 失敗(Fail):批號:392K8ZB002 WAFERID蒐集站點請輸入WAFERID.(MUST KEY IN WAFERID),異常退盒,2025/9/28 下午 01:42:15
ASEF3,K11,7F,4730,803,過帳相關,"TrackIn 失敗(Fail):382KT0B032(Magazine ID:MA03200DU) REFLOW_SECS_WS_AUTOMATION Recipe To EAP失敗, Please cal EE or FA to check EAP Server(SendREFLOW_SECS_WS_AUTOMATION Recipe To EAP Fail, Please cal EE or FA to check EAP Server){""FAIL_GROUP"":""N"",""ERROR_CODE"":""CP001"",""ERROR_MESSAGE"":""FAIL, PPC_COMPARE_FAIL""}機台:[ASEF3-4730-803]",無法過帳,2025/9/28 下午 01:38:12
ASEF3,K25,8F,2400,803,過帳相關,片數,無法過帳,2025/9/28 下午 01:36:20
ASEF3,K25,8F,2400,803,過帳相關,片數,無法過帳,2025/9/28 下午 01:35:35
ASEF3,K25,8F,2400,815,過帳相關,小黑盒,無法過帳,2025/9/28 下午 01:30:07
ASEF3,K25,8F,2400,815,過帳相關,小黑盒,無法過帳,2025/9/28 下午 01:29:16
ASEF1,K21,5F,3910,C01S,過帳相關,"3910-C01S 
請協助消除此條批號之作業紀錄，批號為 5-39IEH8-002-008，謝謝。",連線異常,2025/9/28 下午 01:16:15
ASEF1,K21,8F,2715,A03,自動化設備相關,無異常通知卻默停,默停,2025/9/28 下午 01:10:29
ASEF1,K21,8F,2500,ALL,自動化設備相關,2500 B區異常,默停,2025/9/28 下午 01:09:13
ASEF3,K25,8F,2400,807,過帳相關,片數,無法過帳,2025/9/28 下午 12:59:25
ASEF1,K21,8F,2715,A02,自動化設備相關,NG,過壓防撞,2025/9/28 下午 12:55:43
ASEF3,K25,8F,2395,801,過帳相關,片數,無法過帳,2025/9/28 下午 12:41:35
ASEF3,K25,8F,2400,808,過帳相關,小黑盒,無法過帳,2025/9/28 下午 12:37:55
ASEF3,K25,8F,2400,808,過帳相關,片數,無法過帳,2025/9/28 下午 12:34:28
ASEF3,K25,8F,2400,804,過帳相關,片數,無法過帳,2025/9/28 下午 12:30:12
ASEF3,K25,8F,2195,802,過帳相關,"品質活動 CASS ID
",無法過帳,2025/9/28 下午 12:27:56
ASEF3,K25,8F,2400,802,過帳相關,小黑盒,無法過帳,2025/9/28 下午 12:20:43
ASEF3,K25,8F,2195,804,過帳相關,品質活動 CASS ID,無法過帳,2025/9/28 下午 12:16:19
ASEF3,K25,8F,2395,806,過帳相關,ADC資料必要欄位查無數值,無法過帳,2025/9/28 下午 12:10:08
ASEF3,K25,8F,2395,808,過帳相關,小黑盒,無法過帳,2025/9/28 上午 11:40:37
ASEF3,K25,8F,2400,802,過帳相關, 機台作業總片數與MES總片數比對失敗，不進行Move Out ,無法過帳,2025/9/28 上午 11:33:13
ASEF3,K11,8F,3910,823,過帳相關,"3910-823 因讀取2D時FAIL，機台顯示產品已打印，實際產品未打印。
批號為 5-38UYNL-008-005
目前當站EE已確認OK，煩請協助消除此條批號之作業紀錄，謝謝",連線異常,2025/9/28 上午 11:21:56
ASEF1,K21,8F,2715,A01,自動化設備相關,2715-01 NG,機台異常,2025/9/28 上午 11:13:32
ASEF3,K25,8F,2400,806,過帳相關,片數,無法過帳,2025/9/28 上午 10:59:15
ASEF3,K25,8F,2900,805H,過帳相關,AYQMYQB005 換貨過帳,無法過帳,2025/9/28 上午 10:39:26
ASEF1,K21,8F,2715,A03,自動化設備相關,NG,默停,2025/9/28 上午 10:29:02
ASEF1,K21,8F,2715,A02,自動化設備相關,NG,過壓防撞,2025/9/28 上午 10:12:21
ASEF3,K25,8F,2400,807,過帳相關,小黑盒,無法過帳,2025/9/28 上午 10:11:32
ASEF3,K25,8F,2400,807,過帳相關,小黑盒,無法過帳,2025/9/28 上午 10:10:47
ASEF3,K25,8F,2395,802,過帳相關,機台作業總片數與MES總片數比對失敗,無法過帳,2025/9/28 上午 09:59:28
ASEF3,K25,8F,2400,815,過帳相關,小黑盒,無法過帳,2025/9/28 上午 09:56:38
ASEF1,K21,8F,2715,A02,自動化設備相關,過壓,過壓防撞,2025/9/28 上午 09:41:07
ASEF1,K21,5F,2845,T06,過帳相關,,無法過帳,2025/9/28 上午 09:38:42
ASEF3,K25,8F,2400,806,過帳相關,小黑盒,無法過帳,2025/9/28 上午 09:29:17
ASEF3,K25,8F,2400,808,過帳相關,小黑盒,無法過帳,2025/9/28 上午 09:22:23
ASEF3,K25,8F,2900,805H,自動化設備相關,,命令異常,2025/9/28 上午 09:20:26
ASEF3,K25,8F,2395,805,過帳相關,機台作業總片數與MES總片數比對失敗,無法過帳,2025/9/28 上午 09:19:26
ASEF3,K25,8F,2400,813,過帳相關,小黑盒,無法過帳,2025/9/28 上午 09:16:25
ASEF3,K25,8F,2400,813,過帳相關,小黑盒,無法過帳,2025/9/28 上午 09:15:34
ASEF3,K25,8F,2900,808H,過帳相關,LotAZQMYXB002的狀態目前為Hold無法執行此功能，請確認。,無法過帳,2025/9/28 上午 09:08:18
ASEF3,K25,8F,2400,802,過帳相關,小黑盒,無法過帳,2025/9/28 上午 09:04:07
ASEF3,K11,8F,3260,ALL,自動化設備相關,,機台異常,2025/9/28 上午 09:02:08
ASEF3,K25,8F,2395,808,過帳相關,小黑盒NG,無法過帳,2025/9/28 上午 08:44:32
ASEF3,K25,8F,4110,ALL,自動化設備相關,na,機台異常,2025/9/28 上午 08:18:03
ASEF3,K25,8F,3670,ALL,自動化設備相關,na,機台異常,2025/9/28 上午 08:13:14
ASEF3,K25,8F,4110,ALL,自動化設備相關,na,機台異常,2025/9/28 上午 08:12:55
ASEF3,K25,8F,2395,804,過帳相關,機台作業總片數與MES總片數比對失敗,無法過帳,2025/9/28 上午 08:12:07
ASEF1,K21,8F,2895,A01F,關閉比對,,關整台,2025/9/28 上午 08:11:32
ASEF3,K25,8F,4110,ALL,自動化設備相關,na,機台異常,2025/9/28 上午 07:58:53
ASEF1,K22,9F,4805,B60,關閉比對,,關整台,2025/9/28 上午 07:58:19
ASEF3,K11,7F,4730,805,關閉比對,4730#805  168L  AI PROFILE   比對異常，待工程師校正， 需求關閉比對，手動上傳爐溫，請協助關閉AI PROFILE,關整台,2025/9/28 上午 07:57:37
ASEF3,K11,6F,4730,605,關閉比對,4730 #605  200L(TQ1H) AI PROFILE  升溫率比對異常，工程師 需求關閉比對，手動上傳爐溫，請協助關閉AI PROFILE,關整台,2025/9/28 上午 07:56:59
ASEF3,K11,7F,4730,818,關閉比對,4730#818  64(QR23) L  AI PROFILE   比對異常，工程師 需求關閉比對，手動上傳爐溫，請協助關閉AI PROFILE,關整台,2025/9/28 上午 07:56:41
ASEF3,K11,7F,4730,821,關閉比對,4730#821  346L  25JSI無建檔  AI PROFILE  ，需求關閉比對(待工程師新增)，手動上傳爐溫，請協助關閉AI PROFILE,關整台,2025/9/28 上午 07:56:21
ASEF3,K11,7F,4730,803,關閉比對,4730#803  393L  AI PROFILE   比對異常，工程師 需求關閉比對，手動上傳爐溫，請協助關閉AI PROFILE,關整台,2025/9/28 上午 07:56:03
ASEF3,K11,6F,4730,603,關閉比對,4730#603  266L 無美光  AI PROFILE ， 需求關閉比對(待工程師新增)，手動上傳爐溫，請協助關閉AI PROFILE,關整台,2025/9/28 上午 07:55:20
ASEF3,K11,8F,4730,814,關閉比對,4730#814 過帳電腦故障，需關閉比對(待工程師同CIM安裝程式)，手動上傳爐溫，請協助關閉AI PROFILE,關整台,2025/9/28 上午 07:55:00
ASEF3,K11,9F,4730,816,關閉比對,4730#816 無安裝 AI PROFILE，系統有卡 EE TEAM 需求關閉比對，手動上傳爐溫，請協助關閉AI PROFILE,關整台,2025/9/28 上午 07:54:39
ASEF3,K11,9F,4515,651,關閉比對,4515#651 需過帳4554站點，請協助關閉防漏洗功能,關整台,2025/9/28 上午 07:54:17
ASEF3,K25,8F,2900,805H,自動化設備相關,,偵測檢知異常,2025/9/28 上午 07:38:38
ASEF1,K21,8F,2715,A01,自動化設備相關,2715-01 NG,機台異常,2025/9/28 上午 07:34:35
ASEF3,K25,8F,3260,ALL,自動化設備相關,,機台異常,2025/9/28 上午 07:29:01
ASEF3,K25,8F,3670,ALL,自動化設備相關,,機台異常,2025/9/28 上午 07:26:11
ASEF3,K25,8F,2395,803,過帳相關,機台作業總片數與MES總片數比對失敗,無法過帳,2025/9/28 上午 06:34:41
ASEF3,K25,8F,2400,807,過帳相關,BLACK BOX NG,無法過帳,2025/9/28 上午 06:18:44
ASEF3,K25,8F,2400,807,過帳相關,機台作業總片數與MES總片數比對失敗,無法過帳,2025/9/28 上午 06:10:27
ASEF3,K25,8F,2400,804,過帳相關,機台作業總片數與MES總片數比對失敗，不進行Move Out，Machine_QTY：[12]，MES_QTY：[38],無法過帳,2025/9/28 上午 05:46:59
ASEF3,K25,8F,2400,801,過帳相關,BLACK BOX NG,無法過帳,2025/9/28 上午 05:38:39
ASEF3,K25,8F,3260,ALL,自動化設備相關,,卡盒卡盤,2025/9/28 上午 05:30:52
ASEF3,K25,8F,3260,ALL,自動化設備相關,,卡盒卡盤,2025/9/28 上午 05:26:09
ASEF3,K25,8F,3260,ALL,自動化設備相關,,卡盒卡盤,2025/9/28 上午 05:21:41
ASEF3,K25,8F,2400,813,過帳相關,BLACK BOX NG,無法過帳,2025/9/28 上午 05:07:24
ASEF3,K25,8F,2400,808,過帳相關,BLACK BOX NG,無法過帳,2025/9/28 上午 05:02:18
ASEF3,K25,8F,2400,814,過帳相關,機台作業總片數與MES總片數比對失敗，不進行Move Out，Machine_QTY：[9]，MES_QTY：[27],無法過帳,2025/9/28 上午 04:39:39
ASEF3,K25,8F,2395,805,過帳相關,數與MES總片數比對失敗數比對失敗,無法過帳,2025/9/28 上午 04:23:58
ASEF3,K25,8F,2400,803,過帳相關,機台作業總片數與MES總片數比對失敗，不進行Move Out，Machine_QTY：[9]，MES_QTY：[18],無法過帳,2025/9/28 上午 04:21:53
ASEF3,K25,8F,2400,802,過帳相關,機台作業總片數與MES總片數比對失敗，不進行Move Out，Machine_QTY：[8]，MES_QTY：[16],無法過帳,2025/9/28 上午 04:12:55
ASEF3,K25,8F,2400,801,過帳相關,RFID NG,無法過帳,2025/9/28 上午 03:55:28
ASEF3,K25,8F,3260,ALL,自動化設備相關,,卡盒卡盤,2025/9/28 上午 03:30:31
ASEF3,K25,8F,2400,807,過帳相關,BlCK BOX NG,無法過帳,2025/9/28 上午 03:27:13
ASEF3,K25,8F,2890,801,自動化設備相關,,卡盒卡盤,2025/9/28 上午 03:25:26
ASEF3,K25,8F,2400,807,過帳相關,BLACK BOX NG,無法過帳,2025/9/28 上午 03:25:20
ASEF3,K25,8F,2400,801,過帳相關,RFID NG,無法過帳,2025/9/28 上午 03:09:07
ASEF3,K25,8F,2400,804,過帳相關,機台作業總片數與MES總片數比對失敗，不進行Move Out，Machine_QTY：[13]，MES_QTY：[12],無法過帳,2025/9/28 上午 03:00:41
ASEF3,K25,8F,2900,801H,過帳相關,TrackOut 失敗(Fail):批號:382KTUB003 WAFERID蒐集站點請輸入WAFERID.(MUST KEY IN WAFERID),無法過帳,2025/9/28 上午 02:54:11
ASEF3,K11,8F,3260,ALL,自動化設備相關,,機台異常,2025/9/28 上午 02:53:04
ASEF3,K25,8F,3260,ALL,自動化設備相關,,卡盒卡盤,2025/9/28 上午 02:22:52
ASEF3,K25,8F,2395,802,過帳相關,小黑盒NG,無法過帳,2025/9/28 上午 02:17:22
ASEF3,K25,8F,2395,812,過帳相關,機台作業總片數與MES總片數比對失敗,無法過帳,2025/9/28 上午 02:08:05
ASEF3,K25,8F,2395,804,過帳相關,機台作業總片數與MES總片數比對失敗,無法過帳,2025/9/28 上午 01:59:40
ASEF3,K25,8F,2395,805,過帳相關,EIG LOG NO DATA,無法過帳,2025/9/28 上午 01:55:33
ASEF3,K25,8F,2400,808,過帳相關,BLACK BOX NG,無法過帳,2025/9/28 上午 01:51:41
ASEF1,K21,5F,3910,C01S,過帳相關,"Hello CIM：
3910-C01S 
請協助消除此條批號之作業紀錄，批號為 5-39IEJA-001-001，謝謝。",無法過帳,2025/9/28 上午 01:48:38
ASEF3,K25,8F,2395,809,過帳相關,小黑盒NG,無法過帳,2025/9/28 上午 01:48:24
ASEF3,K25,8F,2400,803,過帳相關,機台作業總片數與MES總片數比對失敗，不進行Move Out，Machine_QTY：[12]，MES_QTY：[24],無法過帳,2025/9/28 上午 01:47:43
ASEF3,K25,8F,2400,802,過帳相關,機台作業總片數與MES總片數比對失敗，不進行Move Out，Machine_QTY：[8]，MES_QTY：[16],無法過帳,2025/9/28 上午 01:43:35
ASEF3,K25,8F,2395,807,過帳相關,機台作業總片數與MES總片數比對失敗,無法過帳,2025/9/28 上午 01:38:47
ASEF3,K25,8F,2900,803H,過帳相關,TrackOut 失敗(Fail):批號:392K8DB001 WAFERID蒐集站點請輸入WAFERID.(MUST KEY IN WAFERID),無法過帳,2025/9/28 上午 01:32:01
ASEF1,K21,5F,3910,C01S,過帳相關,"Hello CIM：
3910-C01S 
請協助消除此條批號之作業紀錄，批號為 5-39IEJ9-002-006，謝謝。",無法過帳,2025/9/28 上午 01:13:36
ASEF3,K25,8F,3670,E05,自動化設備相關,,機台異常,2025/9/28 上午 01:04:30
ASEF3,K25,8F,4113,ALL,自動化設備相關,,機台異常,2025/9/28 上午 12:54:46
ASEF3,K25,8F,4110,ALL,自動化設備相關,,機台異常,2025/9/28 上午 12:43:13
ASEF3,K25,9F,3910,9002,過帳相關,"消除作業紀錄，共2條，批號：
5-382KWN-014-007
＆
5-382KWN-014-008",連線異常,2025/9/28 上午 12:36:11
ASEF3,K25,8F,2400,807,過帳相關,小黑盒壞了無法自動 MOVE IN/OUT,無法過帳,2025/9/28 上午 12:22:43
ASEF3,K25,8F,2890,801,自動化設備相關,,卡盒卡盤,2025/9/28 上午 12:21:52
ASEF3,K25,8F,2400,807,過帳相關,片數,無法過帳,2025/9/28 上午 12:18:02
ASEF3,K25,8F,3260,ALL,自動化設備相關,,卡盒卡盤,2025/9/28 上午 12:09:03
ASEF3,K25,8F,2400,804,過帳相關,機台作業總片數與MES總片數比對失敗，不進行Move Out，Machine_QTY：[13]，MES_QTY：[26],無法過帳,2025/9/27 下午 11:49:03
ASEF3,K25,8F,2395,805,過帳相關,機台作業總片數與MES總片數比對失敗，不進行Move Out，Machine_QTY：[8]，MES_QTY：[16],無法過帳,2025/9/27 下午 11:23:23
ASEF3,K11,8F,3910,823,過帳相關,2D TIME OUT 請消除 5-36UYJA-002-002 作業紀錄，謝謝,無法過帳,2025/9/27 下午 10:52:27
ASEF1,K21,5F,3910,C01S,過帳相關,"Hello CIM：
3910-C01S 
請協助消除此條批號之作業紀錄，批號為 5-39IEJ8-002-008，謝謝。",無法過帳,2025/9/27 下午 08:49:43
ASEF3,K25,8F,2400,808,過帳相關,小黑盒,無法過帳,2025/9/27 下午 07:24:57
ASEF3,K25,8F,2400,801,過帳相關,機台作業總片數與MES總片數比對失敗，不進行Move Out，Machine_QTY,無法過帳,2025/9/27 下午 07:01:58
ASEF3,K25,8F,3260,ALL,自動化設備相關,,卡盒卡盤,2025/9/27 下午 06:56:55
ASEF3,K25,8F,2900,812H,過帳相關,Lot382KDMB005的狀態目前為Hold無法執行此功能，請確認。,無法過帳,2025/9/27 下午 06:50:58
ASEF3,K25,8F,2400,803,過帳相關,片數,無法過帳,2025/9/27 下午 06:37:38
ASEF3,K25,8F,2400,807,過帳相關,小黑盒,無法過帳,2025/9/27 下午 06:34:47
ASEF3,K25,8F,2400,807,過帳相關,小黑盒,無法過帳,2025/9/27 下午 06:34:03
ASEF3,K25,8F,3190,802,過帳相關,"品質活動:TrackOut Fail: N, 2D_Inf: 5-AYQMYP-001-001,5-AYQMYP-001-002,5-AYQMYP-001-003,5-AYQMYP-001-004,5-AYQMYP-001-005,5-AYQMYP-001-006,5-AYQMYP-001-007,5-AYQMYP-001-008,5-AYQMYP-001-009,5-AYQMYP-001-010,, [FALSE]eMarkOut數量不正確，過帳中止。",異常退盒,2025/9/27 下午 06:28:10
ASEF3,K25,8F,3190,804,自動化設備相關,手臂異常,過壓防撞,2025/9/27 下午 06:20:52
ASEF3,K25,8F,4110,ALL,自動化設備相關,,卡盒卡盤,2025/9/27 下午 05:56:57
ASEF3,K25,8F,3190,802,過帳相關,"品質活動:TrackOut Fail: N, 2D_Inf: 5-392K81-006-001,5-392K81-006-002,5-392K81-006-003,5-392K81-006-004,5-392K81-006-005,5-392K81-006-006,5-392K81-006-007,5-392K81-006-008,5-392K81-006-009,5-392K81-006-010,, [FALSE]eMarkOut數量不正確，過帳中止。",異常退盒,2025/9/27 下午 05:20:44
ASEF3,K25,8F,3190,801,過帳相關,"品質活動:TrackOut Fail: N, 2D_Inf: 5-382KY0-017-001,5-382KY0-017-002,5-382KY0-017-003,5-382KY0-017-004,5-382KY0-017-005,5-382KY0-017-006,5-382KY0-017-007,5-382KY0-017-008,5-382KY0-017-009,5-382KY0-017-010,, [FALSE]eMarkOut數量不正確，過帳中止。",異常退盒,2025/9/27 下午 05:19:49
ASEF3,K25,8F,3190,802,過帳相關,"品質活動:TrackOut Fail: N, 2D_Inf: 5-39UYUK-020-001,5-39UYUK-020-002,5-39UYUK-020-003,5-39UYUK-020-004,5-39UYUK-020-005,5-39UYUK-020-006,5-39UYUK-020-007,5-39UYUK-020-008,5-39UYUK-020-009,, [FALSE]eMarkOut數量不正確，過帳中止。",異常退盒,2025/9/27 下午 05:19:03
ASEF3,K25,8F,2395,802,過帳相關,小黑盒,無法過帳,2025/9/27 下午 05:11:22
ASEF3,K25,8F,2400,804,過帳相關,小黑盒,無法過帳,2025/9/27 下午 05:06:53
ASEF1,K21,8F,2500,ALL,自動化設備相關,2500 NG,機台異常,2025/9/27 下午 04:59:27
ASEF3,K25,8F,2400,801,過帳相關,機台作業總片數與MES總片數比對失敗，不進行Move Out,無法過帳,2025/9/27 下午 04:20:40
ASEF3,K25,8F,3260,ALL,自動化設備相關,,機台異常,2025/9/27 下午 04:17:21
ASEF1,K21,8F,2900,A02F,自動化設備相關,天車默停,默停,2025/9/27 下午 04:04:59
ASEF3,K25,8F,2400,813,過帳相關,小黑盒,無法過帳,2025/9/27 下午 03:51:32
ASEF3,K25,8F,2400,807,過帳相關,小黑盒,無法過帳,2025/9/27 下午 03:43:04
ASEF3,K25,8F,2400,807,過帳相關,小黑盒,無法過帳,2025/9/27 下午 03:42:20
ASEF3,K25,8F,3260,ALL,自動化設備相關,,卡盒卡盤,2025/9/27 下午 03:30:56
ASEF1,K21,8F,2715,A01,自動化設備相關,2715-01 NG,機台異常,2025/9/27 下午 03:26:18
ASEF3,K25,8F,2400,814,過帳相關,HOLD,無法過帳,2025/9/27 下午 03:19:26
ASEF3,K25,8F,2900,804H,過帳相關,TrackOut 失敗(Fail):Lot392K83B008的狀態目前為Hold無法執行此功能，請確認。 The status of this lot 392K83B008is Hold.You can't performance this rule.Please check.,無法過帳,2025/9/27 下午 02:45:35
ASEF3,K25,8F,2400,801,過帳相關,未綁盒號,無法過帳,2025/9/27 下午 02:39:07
ASEF3,K25,8F,2400,801,過帳相關,片數,無法過帳,2025/9/27 下午 02:34:12
ASEF3,K11,6F,4730,605,關閉比對,4730#605  200L  SQ  AI PROFILE   比對異常，待工程師校正， 需求關閉比對，手動上傳爐溫，請協助關閉AI PROFILE,關整台,2025/9/27 下午 02:21:07
ASEF3,K25,8F,2400,804,過帳相關,片數,無法過帳,2025/9/27 下午 02:08:49
ASEF1,K21,8F,ALL,ALL,自動化設備相關,,偵測檢知異常,2025/9/27 下午 02:06:35
ASEF3,K25,8F,3260,ALL,自動化設備相關,,卡盒卡盤,2025/9/27 下午 02:06:33
ASEF3,K25,8F,2400,808,過帳相關,小黑盒,無法過帳,2025/9/27 下午 01:59:21
ASEF3,K25,8F,2395,804,過帳相關,機台作業總片數與MES總片數比對失敗，不進行Move Out，Machine_QTY,無法過帳,2025/9/27 下午 01:33:31
ASEF3,K25,8F,3260,ALL,自動化設備相關,,卡盒卡盤,2025/9/27 下午 01:29:49
ASEF3,K25,8F,2400,813,過帳相關,小黑盒,無法過帳,2025/9/27 下午 01:09:57
ASEF3,K25,8F,2400,802,過帳相關,小黑盒,無法過帳,2025/9/27 下午 12:59:36
ASEF3,K25,8F,2400,802,過帳相關,小黑盒,無法過帳,2025/9/27 下午 12:59:05
ASEF3,K25,8F,2400,807,過帳相關,小黑盒,無法過帳,2025/9/27 下午 12:40:05
ASEF3,K25,8F,2400,807,過帳相關,小黑盒,無法過帳,2025/9/27 下午 12:39:25
ASEF3,K25,8F,3260,ALL,自動化設備相關,,卡盒卡盤,2025/9/27 下午 12:37:04
ASEF3,K25,8F,2395,805,過帳相關,片數,無法過帳,2025/9/27 下午 12:36:52
ASEF3,K25,8F,2400,816,過帳相關,小黑盒,無法過帳,2025/9/27 下午 12:30:31
ASEF3,K25,8F,2395,807,過帳相關,小黑盒,無法過帳,2025/9/27 下午 12:09:20
ASEF3,K25,8F,4110,ALL,自動化設備相關,,機台異常,2025/9/27 下午 12:00:26
ASEF3,K25,8F,3260,ALL,自動化設備相關,,機台異常,2025/9/27 上午 11:59:17
ASEF3,K25,8F,2395,808,過帳相關,機台作業總片數與MES總片數比對成功，Machine_QTY,無法過帳,2025/9/27 上午 11:48:39
ASEF3,K25,8F,2195,804,過帳相關,無自動過帳,無法過帳,2025/9/27 上午 11:46:52
ASEF3,K25,8F,3260,ALL,自動化設備相關,,機台異常,2025/9/27 上午 11:45:26
ASEF3,K25,8F,2900,813F,過帳相關,TrackOut 失敗(Fail):批號:382K35B002 WAFERID蒐集站點請輸入WAFERID.(MUST KEY IN WAFERID),無法過帳,2025/9/27 上午 11:36:02
ASEF3,K25,8F,2400,813,過帳相關,機台作業總片數與MES總片數比對成功，Machine_QTY,無法過帳,2025/9/27 上午 11:23:59
ASEF1,K21,5F,3910,C01S,過帳相關,"3910-C01S  因VPS讀取失敗無法打印2條產品。
批號為 : 
5-39IEJ6-001-004,
5-39IEJ6-001-005,
請協助消除此2條批號之作業紀錄，謝謝。",連線異常,2025/9/27 上午 11:19:25
ASEF3,K25,8F,3260,ALL,自動化設備相關,,機台異常,2025/9/27 上午 11:04:30
ASEF3,K25,8F,3260,ALL,自動化設備相關,,卡盒卡盤,2025/9/27 上午 10:48:52
ASEF3,K25,8F,2400,808,過帳相關,小黑盒,無法過帳,2025/9/27 上午 10:44:15
ASEF3,K25,8F,3260,ALL,自動化設備相關,,卡盒卡盤,2025/9/27 上午 10:40:10
ASEF3,K25,8F,2400,802,過帳相關,小黑盒,無法過帳,2025/9/27 上午 10:36:03
ASEF3,K25,8F,2400,802,過帳相關,小黑盒,無法過帳,2025/9/27 上午 10:35:27
ASEF3,K25,8F,2400,810,過帳相關,小黑盒,無法過帳,2025/9/27 上午 10:34:03
ASEF3,K25,8F,2400,816,過帳相關,小黑盒,無法過帳,2025/9/27 上午 10:29:43
ASEF3,K25,8F,2400,816,過帳相關,小黑盒,無法過帳,2025/9/27 上午 10:28:53
ASEF3,K25,8F,2400,813,過帳相關,小黑盒,無法過帳,2025/9/27 上午 10:25:40
ASEF1,K21,8F,2493,A01,自動化設備相關,2493-01 NG,機台異常,2025/9/27 上午 10:19:59
ASEF1,K18,5F,3910,C01S,過帳相關,3910-C01S  因連線中斷導致讀取2D後失敗，無法打印該條產品。批號為 :  5-39IEJ3-001-010，目前當站EE已確認OK，煩請協助消除此條批號之作業紀錄，謝謝。,連線異常,2025/9/27 上午 10:17:17
ASEF3,K25,8F,2395,803,過帳相關,機台作業總片數與MES總片數比對失敗，不進行Move Out，Machine_QTYv,無法過帳,2025/9/27 上午 10:13:12
ASEF3,K25,8F,3260,ALL,自動化設備相關,na,默停,2025/9/27 上午 10:07:26
ASEF3,K25,8F,4110,ALL,自動化設備相關,na,機台異常,2025/9/27 上午 09:46:48
ASEF3,K25,8F,3190,802,過帳相關,"品質活動:TrackOut Fail: N, 2D_Inf: 5-392K38-004-001,5-392K38-004-002,5-392K38-004-003,5-392K38-004-004,5-392K38-004-005,5-392K38-004-006,5-392K38-004-007,5-392K38-004-008,5-392K38-004-009,5-392K38-004-010,, [FALSE]eMarkOut數量不正確，過帳中止。",異常退盒,2025/9/27 上午 09:30:47
ASEF1,K21,8F,ALL,ALL,自動化設備相關,,偵測檢知異常,2025/9/27 上午 09:27:33
ASEF1,K21,8F,2715,A01,自動化設備相關,2715-01 NG,機台異常,2025/9/27 上午 09:20:30
ASEF3,K25,8F,3260,ALL,自動化設備相關,,機台異常,2025/9/27 上午 08:54:52
ASEF3,K25,8F,3380,ALL,自動化設備相關,,機台異常,2025/9/27 上午 08:49:51
ASEF1,K22,9F,4805,B60,關閉比對,,關整台,2025/9/27 上午 08:49:40
ASEF3,K25,8F,2195,803,過帳相關,無自動過帳,無法過帳,2025/9/27 上午 08:49:02
ASEF3,K25,8F,2400,807,過帳相關,小黑盒,無法過帳,2025/9/27 上午 08:46:51
ASEF3,K25,8F,3260,ALL,自動化設備相關,na,機台異常,2025/9/27 上午 08:44:11
ASEF3,K25,8F,2400,816,過帳相關,小黑盒,無法過帳,2025/9/27 上午 08:41:48
ASEF3,K25,8F,2400,816,過帳相關,片數,無法過帳,2025/9/27 上午 08:36:52
ASEF3,K25,8F,2395,808,過帳相關,機台作業總片數與MES總片數比對成功，Machine_QTY,無法過帳,2025/9/27 上午 08:35:12
ASEF3,K25,8F,2395,807,過帳相關,小黑盒,無法過帳,2025/9/27 上午 08:34:08
ASEF3,K25,8F,2400,810,過帳相關,片數,無法過帳,2025/9/27 上午 08:26:02
ASEF3,K25,8F,2400,810,過帳相關,盒號綁定異常,無法過帳,2025/9/27 上午 08:23:11
ASEF1,K21,8F,2895,A01F,關閉比對,,關整台,2025/9/27 上午 08:19:43
ASEF1,K21,8F,2715,A01,自動化設備相關,2715-01 NG,機台異常,2025/9/27 上午 08:18:46
ASEF3,K11,7F,4730,822,關閉比對,4730#822  169RY27  SQ AI PROFILE   比對異常，待工程師校正， 需求關閉比對，手動上傳爐溫，請協助關閉AI PROFILE,關整台,2025/9/27 上午 08:15:45
ASEF3,K25,8F,3260,ALL,自動化設備相關,na,機台異常,2025/9/27 上午 08:14:32
ASEF3,K11,7F,4730,805,關閉比對,4730#805 224  AI PROFILE異常， TEAM 需求關閉比對，手動上傳爐溫，請協助關閉AI PROFILE,關整台,2025/9/27 上午 08:14:20
ASEF3,K11,7F,4730,818,關閉比對,4730#818  64(QR23) L  AI PROFILE   比對異常，工程師 需求關閉比對，手動上傳爐溫，請協助關閉AI PROFILE,關整台,2025/9/27 上午 08:13:40
ASEF3,K11,7F,4730,821,關閉比對,4730#821  346L  25JSI無建檔  AI PROFILE  ，需求關閉比對(待工程師新增)，手動上傳爐溫，請協助關閉AI PROFILE,關整台,2025/9/27 上午 08:13:12
ASEF3,K25,8F,3190,802,過帳相關,"品質活動:TrackOut Fail: N, 2D_Inf: 5-392KJU-011-001,5-392KJU-011-002,5-392KJU-011-003,5-392KJU-011-004,5-392KJU-011-005,5-392KJU-011-006,5-392KJU-011-007,5-392KJU-011-008,5-392KJU-011-009,5-392KJU-011-010,, [FALSE]eMarkOut數量不正確，過帳中止。",異常退盒,2025/9/27 上午 08:06:22
ASEF3,K11,7F,4730,803,關閉比對,4730#803  264(MM1X) L  AI PROFILE   比對異常，EE TEAM 需求關閉比對，手動上傳爐溫，請協助關閉AI PROFILE,關整台,2025/9/27 上午 08:04:34
ASEF3,K11,6F,4730,603,關閉比對,4730#603  266L 無美光  PROFILE ，EE TEAM 需求關閉比對，手動上傳爐溫，請協助關閉AI PROFILE,關整台,2025/9/27 上午 08:04:07
ASEF3,K11,8F,4730,814,關閉比對,4730#814 過帳電腦故障，EE TEAM 需求關閉比對，手動上傳爐溫，請協助關閉AI PROFILE,關整台,2025/9/27 上午 08:03:27
ASEF3,K11,9F,4730,801,關閉比對,4730#801 無安裝 AI PROFILE，系統有卡 EE TEAM 需求關閉比對，手動上傳爐溫，請協助關閉AI PROFILE,關整台,2025/9/27 上午 08:03:08
ASEF3,K11,9F,4730,816,關閉比對,4730#816 無安裝 AI PROFILE，系統有卡 EE TEAM 需求關閉比對，手動上傳爐溫，請協助關閉AI PROFILE,關整台,2025/9/27 上午 08:02:48
ASEF3,K11,9F,4515,651,關閉比對,4515#651 需過帳4554站點，請協助關閉防漏洗功能,關整台,2025/9/27 上午 08:02:22
ASEF1,K21,5F,2845,T01,過帳相關,,連線異常,2025/9/27 上午 07:53:26
ASEF3,K11,8F,3260,A03,自動化設備相關,,機台異常,2025/9/27 上午 07:32:41
ASEF3,K25,8F,2395,808,過帳相關,BLACK BOX NG,無法過帳,2025/9/27 上午 06:42:20
ASEF3,K25,8F,2400,801,過帳相關,"ASEF3-2400-801 CA02448BK EIG 392K8Q 2400 K14183 LogEAP_Error 機台作業總片數與MES總片數比對失敗，不進行Move Out，Machine_QTY：[8]，MES_QTY：[16] 
2 ASEF3-2400-801 CA02448BK EIG 392K8P 2400 K14183 LogEAP_Error 機台作業總片數與MES總片數比對失敗，不進行Move Out，Machine_QTY：[8]，MES_QTY：[16]",無法過帳,2025/9/27 上午 06:35:58
ASEF3,K25,8F,2890,803,自動化設備相關,,卡盒卡盤,2025/9/27 上午 06:34:58
ASEF3,K25,8F,2395,803,過帳相關,機台作業總片數與MES總片數比對失敗，不進行Move Out，Machine_QTY：[13]，MES_QTY：[26],無法過帳,2025/9/27 上午 06:33:46
ASEF3,K25,8F,2395,804,過帳相關,BLACK BOX NG,無法過帳,2025/9/27 上午 06:32:53
ASEF3,K25,8F,2400,813,過帳相關,小黑盒壞了無法自動,無法過帳,2025/9/27 上午 06:30:45
ASEF3,K25,8F,2400,813,過帳相關,小黑盒壞了無法自動,無法過帳,2025/9/27 上午 06:28:39
ASEF3,K25,8F,2395,804,過帳相關,BLACK　ＢＯＸ　ＮＧ,無法過帳,2025/9/27 上午 06:23:11
ASEF3,K25,8F,2395,802,過帳相關,機台作業總片數與MES總片數比對成功，Machine_QTY：[12]，MES_QTY：[12],無法過帳,2025/9/27 上午 06:10:55
ASEF3,K25,8F,2400,814,過帳相關,"ASEF3-2400-814 CA03531BK EIG AYQMUAW002 2400 K14153 LogEAP_Error 機台作業總片數與MES總片數比對成功，Machine_QTY：[13]，MES_QTY：[13] 
2 ASEF3-2400-814 CA03531BK EIG AYQMUAW001 2400 K14153 LogEAP_Error 機台作業總片數與MES總片數比對成功，Machine_QTY：[13]，MES_QTY：[13]",無法過帳,2025/9/27 上午 06:02:49
ASEF3,K25,8F,2400,816,過帳相關,小黑盒壞了無法自動,無法過帳,2025/9/27 上午 05:55:07
ASEF3,K25,8F,2400,816,過帳相關,小黑盒壞了無法自動,無法過帳,2025/9/27 上午 05:52:15
ASEF3,K25,8F,2395,805,過帳相關,機台作業總片數與MES總片數比對失敗，不進行Move Out，Machine_QTY：[9]，MES_QTY：[18],無法過帳,2025/9/27 上午 05:34:17
ASEF3,K25,8F,3670,ALL,自動化設備相關,,偵測檢知異常,2025/9/27 上午 05:30:23
ASEF3,K25,8F,2400,810,過帳相關,"ASEF3-2400-810 CA01906BK EIG 392K94 2400 K14153 LogEAP_Error 機台作業總片數與MES總片數比對失敗，不進行Move Out，Machine_QTY：[8]，MES_QTY：[16] 
2 ASEF3-2400-810 CA01906BK EIG 392K93 2400 K14153 LogEAP_Error 機台作業總片數與MES總片數比對失敗，不進行Move Out，Machine_QTY：[8]，MES_QTY：[16]",無法過帳,2025/9/27 上午 05:28:55
ASEF3,K25,8F,2900,801H,過帳相關,wafer id,異常退盒,2025/9/27 上午 05:19:03
ASEF3,K25,8F,3260,B28,自動化設備相關,,卡盒卡盤,2025/9/27 上午 05:12:48
ASEF3,K25,8F,3260,B17,自動化設備相關,,卡盒卡盤,2025/9/27 上午 04:58:25
ASEF3,K25,8F,3800,ALL,自動化設備相關,,條碼讀取異常,2025/9/27 上午 04:56:36
ASEF3,K25,8F,2845,802,自動化設備相關,,卡盒卡盤,2025/9/27 上午 04:47:38
ASEF3,K25,8F,2400,801,過帳相關,機台作業總片數與MES總片數比對失敗，不進行Move Out，Machine_QTY：[8]，MES_QTY：[16],無法過帳,2025/9/27 上午 04:39:31
ASEF3,K25,8F,2400,803,過帳相關,BLACK BOX NG,無法過帳,2025/9/27 上午 04:12:14
ASEF3,K11,8F,4110,ALL,自動化設備相關,,機台異常,2025/9/27 上午 04:00:00
ASEF3,K25,8F,2395,803,過帳相關,機台作業總片數與MES總片數比對失敗，不進行Move Out，Machine_QTY：[13]，MES_QTY：[26],無法過帳,2025/9/27 上午 03:35:57
ASEF3,K25,8F,2400,813,過帳相關,小黑盒壞了無法自動,無法過帳,2025/9/27 上午 03:22:58
ASEF3,K25,8F,2395,804,過帳相關,"ASEF3-2395-804 CA03753BK EIG 382KY1W003 2395 K14183 LogEAP_Error 機台作業總片數與MES總片數比對失敗，不進行Move Out，Machine_QTY：[12]，MES_QTY：[24] 
2 ASEF3-2395-804 CA03753BK EIG 382KXHW003 2395 K14183 LogEAP_Error 機台作業總片數與MES總片數比對失敗，不進行Move Out，Machine_QTY：[12]，MES_QTY：[24] 
 
 
 . 

處理中,請稍候..",無法過帳,2025/9/27 上午 03:18:43
ASEF3,K25,8F,2395,802,過帳相關,"ASEF3-2395-802 CA02448BK EIG 392K8Q 2395 K14153 LogEAP_Error 機台作業總片數與MES總片數比對失敗，不進行Move Out，Machine_QTY：[8]，MES_QTY：[16] 
2 ASEF3-2395-802 CA02448BK EIG 392K8P 2395 K14153 LogEAP_Error 機台作業總片數與MES總片數比對失敗，不進行Move Out，Machine_QTY：[8]，MES_QTY：[16]",無法過帳,2025/9/27 上午 03:10:22
ASEF3,K25,8F,2400,816,過帳相關,小黑盒壞了無法自動,無法過帳,2025/9/27 上午 03:03:08
ASEF3,K25,8F,2400,816,過帳相關,小黑盒壞了無法自動,無法過帳,2025/9/27 上午 03:00:43
ASEF3,K25,8F,2395,807,過帳相關,機台作業總片數與MES總片數比對失敗，不進行Move Out，Machine_QTY：[8]，MES_QTY：[16],無法過帳,2025/9/27 上午 02:59:57
ASEF3,K25,8F,2400,801,過帳相關,機台作業總片數與MES總片數比對失敗，不進行Move Out，Machine_QTY：[8]，MES_QTY：[16],無法過帳,2025/9/27 上午 02:44:02
ASEF3,K25,8F,2395,805,過帳相關,機台作業總片數與MES總片數比對失敗，不進行Move Out，Machine_QTY：[8]，MES_QTY：[16],無法過帳,2025/9/27 上午 02:40:22
ASEF3,K25,8F,3260,B24,自動化設備相關,,卡盒卡盤,2025/9/27 上午 02:18:55
ASEF3,K11,8F,3910,823,過帳相關,"3910-823 讀取2D後，發生系統回傳比對timeout，導致該條未正印
請幫忙清除該條產品打印紀錄
批號為 5-39UY25B015-001",連線異常,2025/9/27 上午 02:15:56
ASEF3,K25,8F,2890,801,自動化設備相關,,偵測檢知異常,2025/9/27 上午 01:55:08
ASEF3,K25,8F,3260,B20,自動化設備相關,,卡盒卡盤,2025/9/27 上午 01:54:42
ASEF3,K11,8F,4110,ALL,自動化設備相關,,機台異常,2025/9/27 上午 01:23:14
ASEF3,K25,8F,3450,ALL,自動化設備相關,,機台異常,2025/9/27 上午 01:13:07
ASEF3,K25,8F,2890,803,自動化設備相關,,卡盒卡盤,2025/9/27 上午 01:07:19
ASEF3,K25,8F,3260,B30,自動化設備相關,,卡盒卡盤,2025/9/27 上午 12:51:22
ASEF3,K25,8F,2890,801,自動化設備相關,,偵測檢知異常,2025/9/27 上午 12:41:48
ASEF3,K25,8F,2400,801,過帳相關,機台作業總片數與MES總片數比對失敗，不進行Move Out，Machine_QTY：[8]，MES_QTY：[16],無法過帳,2025/9/27 上午 12:37:11
ASEF3,K25,8F,2395,812,過帳相關,BLACK BOX NG,無法過帳,2025/9/27 上午 12:32:06
ASEF3,K25,8F,2395,804,過帳相關,BLACK BOX NG,無法過帳,2025/9/27 上午 12:25:02
ASEF3,K25,8F,2395,804,過帳相關,BLACK BOX NG,無法過帳,2025/9/27 上午 12:24:20
ASEF3,K25,8F,2400,813,過帳相關,小黑盒壞了無法自動,無法過帳,2025/9/27 上午 12:15:40
ASEF1,K21,5F,3910,C01S,過帳相關,"3910-C01S  因VPS讀取失敗無法打印2條產品。
批號為 : 
5-39IEJ1-002-005,
5-39IEJ1-002-006,
請協助消除此2條批號之作業紀錄，謝謝。",無法過帳,2025/9/27 上午 12:10:35
ASEF3,K25,8F,2395,802,過帳相關,"ASEF3-2395-802 CA00136BK EIG 392K8S 2395 K14183 LogEAP_Error 機台作業總片數與MES總片數比對失敗，不進行Move Out，Machine_QTY：[8]，MES_QTY：[16] 
2 ASEF3-2395-802 CA00136BK EIG 392K8R 2395 K14183 LogEAP_Error 機台作業總片數與MES總片數比對失敗，不進行Move Out，Machine_QTY：[8]，MES_QTY：[16]",無法過帳,2025/9/26 下午 11:56:56
ASEF3,K25,8F,2395,803,過帳相關,機台作業總片數與MES總片數比對失敗，不進行Move Out，Machine_QTY：[13]，MES_QTY：[26],無法過帳,2025/9/26 下午 11:39:00
ASEF3,K25,8F,2400,802,過帳相關,"ASEF3-2400-802 CA03169BK EIG 382KY0W003 2400 K14153 LogEAP_Error 機台作業總片數與MES總片數比對失敗，不進行Move Out，Machine_QTY：[12]，MES_QTY：[24] 
2 ASEF3-2400-802 CA03169BK EIG 382KXJW003 2400 K14153 LogEAP_Error 機台作業總片數與MES總片數比對失敗，不進行Move Out，Machine_QTY：[12]，MES_QTY：[24]",無法過帳,2025/9/26 下午 11:37:47
ASEF3,K25,8F,3670,ALL,自動化設備相關,DryRoom,卡盒卡盤,2025/9/26 下午 11:35:08
ASEF3,K25,8F,2400,813,過帳相關,小黑盒壞了無法自動,無法過帳,2025/9/26 下午 11:20:43
ASEF3,K25,8F,3670,ALL,自動化設備相關,alarm,偵測檢知異常,2025/9/26 下午 11:07:49
ASEF3,K25,8F,3260,B22,自動化設備相關,alarm,過壓防撞,2025/9/26 下午 11:07:30
ASEF3,K25,8F,2900,804H,過帳相關,wafer id,異常退盒,2025/9/26 下午 11:01:48
ASEF3,K25,8F,2400,816,過帳相關,ASEF3-2400-816 CA01957BK EIG 382KTZ 2400 K14153 LogEAP_Error 機台作業總片數與MES總片數比對成功，Machine_QTY：[1]，MES_QTY：[1],無法過帳,2025/9/26 下午 11:00:26
ASEF3,K25,8F,3260,B22,自動化設備相關,alarm,過壓防撞,2025/9/26 下午 10:37:05
ASEF3,K25,8F,2400,816,過帳相關,小黑盒壞了無法自動,無法過帳,2025/9/26 下午 10:27:42
ASEF3,K25,8F,2400,816,過帳相關,ASEF3-2400-816 CA00168BK EIG 382KTSW001 2400 K14153 LogEAP_Error 機台作業總片數與MES總片數比對成功，Machine_QTY：[10]，MES_QTY：[10],無法過帳,2025/9/26 下午 10:26:04
ASEF3,K25,8F,2400,810,過帳相關,"ASEF3-2400-810 CA01605BK EIG 392K8N 2400 K14153 LogEAP_Error 機台作業總片數與MES總片數比對失敗，不進行Move Out，Machine_QTY：[9]，MES_QTY：[18] 
2 ASEF3-2400-810 CA01605BK EIG 392K8M 2400 K14153 LogEAP_Error 機台作業總片數與MES總片數比對失敗，不進行Move Out，Machine_QTY：[9]，MES_QTY：[18] 
 
 
 . 

處理中,請稍候..",無法過帳,2025/9/26 下午 10:25:04
ASEF3,K25,8F,2400,805,過帳相關,"ASEF3-2395-805 CA02851BK EIG 392K90 2395 K14183 LogEAP_Error 機台作業總片數與MES總片數比對失敗，不進行Move Out，Machine_QTY：[8]，MES_QTY：[16] 
2 ASEF3-2395-805 CA02851BK EIG 392K8Z 2395 K14183 LogEAP_Error 機台作業總片數與MES總片數比對失敗，不進行Move Out，Machine_QTY：[8]，MES_QTY：[16]",無法過帳,2025/9/26 下午 10:21:16
ASEF3,K25,8F,2400,803,過帳相關,"ASEF3-2400-803 CA03616BK EIG 392K88 2400 K14153 LogEAP_Error 機台作業總片數與MES總片數比對失敗，不進行Move Out，Machine_QTY：[8]，MES_QTY：[16] 
2 ASEF3-2400-803 CA03616BK EIG 392K87 2400 K14153 LogEAP_Error 機台作業總片數與MES總片數比對失敗，不進行Move Out，Machine_QTY：[8]，MES_QTY：[16] 
 
 
 . 

處理中,請稍候..",無法過帳,2025/9/26 下午 10:15:31
ASEF3,K25,8F,2400,801,過帳相關,"ASEF3-2400-801 CA02447BK EIG 382KDL 2400 K14153 LogEAP_Error 機台作業總片數與MES總片數比對失敗，不進行Move Out，Machine_QTY：[8]，MES_QTY：[16] 
2 ASEF3-2400-801 CA02447BK EIG 382KCH 2400 K14153 LogEAP_Error 機台作業總片數與MES總片數比對失敗，不進行Move Out，Machine_QTY：[8]，MES_QTY：[16]",無法過帳,2025/9/26 下午 10:11:57
ASEF3,K11,8F,4110,ALL,自動化設備相關,alarm,機台異常,2025/9/26 下午 10:05:11
ASEF3,K25,8F,3260,B24,自動化設備相關,alarm,過壓防撞,2025/9/26 下午 10:05:04
ASEF1,K21,5F,3910,C01S,過帳相關,"3910-C01S  因VPS讀取失敗無法打印2條產品。
批號為 : 
5-39IEJ1-001-004,
5-39IEJ1-001-009,
請協助消除此2條批號之作業紀錄，謝謝。",無法過帳,2025/9/26 下午 09:57:07
ASEF3,K25,8F,2845,803,自動化設備相關,alarm,卡盒卡盤,2025/9/26 下午 09:42:10
ASEF3,K25,8F,2400,802,過帳相關,機台作業總片數與MES總片數比對失敗，不進行Move Out，Machine_QTY：[13]，MES_QTY：[26],無法過帳,2025/9/26 下午 09:38:44
ASEF1,K21,8F,2895,A01F,過帳相關,2895 無法自動過帳,無法過帳,2025/9/26 下午 09:37:11
ASEF3,K25,8F,2900,803H,過帳相關,wafer id,異常退盒,2025/9/26 下午 09:29:25
ASEF3,K25,8F,2395,804,過帳相關,BLACK　ＢＯＸ　ＮＧ,無法過帳,2025/9/26 下午 09:25:04
ASEF3,K25,8F,2395,804,過帳相關,BLACK BOX NG,無法過帳,2025/9/26 下午 09:20:16
ASEF3,K25,8F,3450,ALL,自動化設備相關,alarm,機台異常,2025/9/26 下午 09:00:43
ASEF3,K25,8F,2395,806,過帳相關,機台作業總片數與MES總片數比對成功，Machine_QTY：[12]，MES_QTY：[12],無法過帳,2025/9/26 下午 08:54:23
ASEF3,K25,8F,2395,803,過帳相關,機台作業總片數與MES總片數比對失敗，不進行Move Out，Machine_QTY：[12]，MES_QTY：[24],無法過帳,2025/9/26 下午 08:43:51
ASEF3,K25,8F,2400,807,過帳相關,小黑盒壞了無法自動,無法過帳,2025/9/26 下午 08:37:15
ASEF3,K25,8F,2400,807,過帳相關,小黑盒壞了無法自動,無法過帳,2025/9/26 下午 08:36:15
ASEF3,K25,8F,2400,813,過帳相關,"ASEF3-2400-813 CA02144BK EIG 392K8C 2400 G0891 LogEAP_Error 機台作業總片數與MES總片數比對失敗，不進行Move Out，Machine_QTY：[8]，MES_QTY：[16] 
2 ASEF3-2400-813 CA02144BK EIG 392K8B 2400 G0891 LogEAP_Error 機台作業總片數與MES總片數比對失敗，不進行Move Out，Machine_QTY：[8]，MES_QTY：[16]",無法過帳,2025/9/26 下午 08:18:22
ASEF3,K25,8F,2400,816,過帳相關,小黑盒壞了無法自動,無法過帳,2025/9/26 下午 08:12:57
ASEF3,K11,7F,4730,822,關閉比對,"4730#822  176L  SQ AI PROFILE   比對異常，待工程師校正， 需求關閉比對，手動上傳爐溫，請協助關閉AI PROFILE
",關整台,2025/9/26 下午 07:54:34
ASEF1,K22,8F,2945,0380,關閉比對,2945-0380 為虛擬機台過帳使用，還請協助關閉比對，謝謝。,關整台,2025/9/26 下午 07:54:15
ASEF3,K11,6F,4730,602,關閉比對,4730#602  207L  CU AI PROFILE   比對異常，待工程師校正， 需求關閉比對，手動上傳爐溫，請協助關閉AI PROFILE,關整台,2025/9/26 下午 07:54:10
ASEF3,K11,7F,4730,805,關閉比對,4730#805 224  AI PROFILE異常， TEAM 需求關閉比對，手動上傳爐溫，請協助關閉AI PROFILE,關整台,2025/9/26 下午 07:53:49
ASEF3,K11,7F,4730,818,關閉比對,4730#818  64(QR23) L  AI PROFILE   比對異常，工程師 需求關閉比對，手動上傳爐溫，請協助關閉AI PROFILE,關整台,2025/9/26 下午 07:53:29
ASEF3,K11,7F,4730,821,關閉比對,4730#821  346L  25JSI無建檔  AI PROFILE  ，需求關閉比對(待工程師新增)，手動上傳爐溫，請協助關閉AI PROFILE,關整台,2025/9/26 下午 07:53:13
ASEF3,K11,7F,4730,803,關閉比對,4730#803  264(MM1X) L  AI PROFILE   比對異常，EE TEAM 需求關閉比對，手動上傳爐溫，請協助關閉AI PROFILE,關整台,2025/9/26 下午 07:52:56
ASEF3,K11,6F,4730,603,關閉比對,4730#603  266L 無美光  PROFILE ，EE TEAM 需求關閉比對，手動上傳爐溫，請協助關閉AI PROFILE,關整台,2025/9/26 下午 07:52:38
ASEF3,K11,8F,4730,814,關閉比對,4730#814 過帳電腦故障，EE TEAM 需求關閉比對，手動上傳爐溫，請協助關閉AI PROFILE,關整台,2025/9/26 下午 07:52:17
ASEF3,K11,9F,4730,801,關閉比對,4730#801 無安裝 AI PROFILE，系統有卡 EE TEAM 需求關閉比對，手動上傳爐溫，請協助關閉AI PROFILE,關整台,2025/9/26 下午 07:51:58
ASEF3,K11,9F,4730,816,關閉比對,4730#816 無安裝 AI PROFILE，系統有卡 EE TEAM 需求關閉比對，手動上傳爐溫，請協助關閉AI PROFILE,關整台,2025/9/26 下午 07:51:35
ASEF3,K25,8F,2400,803,過帳相關,"ASEF3-2400-803 CA02597BK EIG 392K8E 2400 G0891 LogEAP_Error 機台作業總片數與MES總片數比對失敗，不進行Move Out，Machine_QTY：[8]，MES_QTY：[16] 
2 ASEF3-2400-803 CA02597BK EIG 392K8D 2400 G0891 LogEAP_Error 機台作業總片數與MES總片數比對失敗，不進行Move Out，Machine_QTY：[8]，MES_QTY：[16]",無法過帳,2025/9/26 下午 07:51:04
ASEF3,K25,8F,2395,805,過帳相關,機台作業總片數與MES總片數比對失敗，不進行Move Out，Machine_QTY：[9]，MES_QTY：[18],無法過帳,2025/9/26 下午 07:50:21
ASEF3,K11,9F,4515,651,關閉比對,4515#651 需過帳4554站點，請協助關閉防漏洗功能,關整台,2025/9/26 下午 07:49:40
ASEF3,K25,8F,2395,807,過帳相關,機台作業總片數與MES總片數比對失敗，不進行Move Out，Machine_QTY：[8]，MES_QTY：[16],無法過帳,2025/9/26 下午 07:49:04
ASEF3,K25,8F,4110,ALL,自動化設備相關,alarm,卡盒卡盤,2025/9/26 下午 07:44:51
ASEF3,K25,8F,2400,801,過帳相關,"ASEF3-2400-801 CA00616BK EIG 382KDF 2400 G0891 LogEAP_Error 機台作業總片數與MES總片數比對失敗，不進行Move Out，Machine_QTY：[8]，MES_QTY：[16] 
2 ASEF3-2400-801 CA00616BK EIG 382KCN 2400 G0891 LogEAP_Error 機台作業總片數與MES總片數比對失敗，不進行Move Out，Machine_QTY：[8]，MES_QTY：[16] 
 
 
 . 

處理中,請稍候..",無法過帳,2025/9/26 下午 07:39:37
ASEF3,K11,8F,3260,ALL,自動化設備相關,,機台異常,2025/9/26 下午 07:10:19
ASEF3,K25,8F,3260,ALL,自動化設備相關,,機台異常,2025/9/26 下午 07:05:56
ASEF3,K25,8F,2395,804,過帳相關,品質活動 CASS ID異常,無法過帳,2025/9/26 下午 06:51:50
ASEF3,K25,8F,2900,801H,過帳相關,"TrackOut 失敗(Fail):批號:382KUFB002 WAFERID蒐集站點請輸入WAFERID.(MUST KEY IN WAFERID)
品質活動",異常退盒,2025/9/26 下午 06:15:39
ASEF3,K25,8F,2395,803,過帳相關,機台作業總片數與MES總片數比對失敗，不進行Move Out，Machine_QTY：[13]，MES_QTY：[26],無法過帳,2025/9/26 下午 06:07:36
ASEF3,K25,8F,2400,802,過帳相關,機台作業總片數與MES總片數比對失敗，不進行Move Out，Machine_QTY：[12]，MES_QTY：[24],參數比對異常,2025/9/26 下午 05:58:06
ASEF3,K11,8F,4110,ALL,自動化設備相關,,默停,2025/9/26 下午 05:34:44
ASEF3,K25,8F,2395,805,過帳相關,機台作業總片數與MES總片數比對失敗，不進行Move Out，Machine_QTY：[8]，MES_QTY：[16],參數比對異常,2025/9/26 下午 05:10:20
ASEF1,K21,8F,2715,A03,自動化設備相關,2715 A03 NG,機台異常,2025/9/26 下午 05:02:25
ASEF3,K25,8F,2400,801,過帳相關,機台作業總片數與MES總片數比對失敗，不進行Move Out，Machine_QTY,無法過帳,2025/9/26 下午 04:53:05
ASEF3,K25,8F,3190,801,過帳相關,"品質活動:流道二 TrackOut Fail: N, 2D_Inf: 5-382KWQ-020-001,5-382KWQ-020-002,5-382KWQ-020-003,5-382KWQ-020-004,5-382KWQ-020-005,5-382KWQ-020-006,5-382KWQ-020-007,5-382KWQ-020-008,5-382KWQ-020-009,5-382KWQ-020-010,, [FALSE]eMarkOut數量不正確，過帳中止。",異常退盒,2025/9/26 下午 04:44:13
ASEF1,K21,8F,2715,A03,自動化設備相關,2715 A03 NG,機台異常,2025/9/26 下午 04:33:50
ASEF3,K25,8F,3190,802,過帳相關,"品質活動:流道一 TrackOut Fail: N, 2D_Inf: 5-39UY7G-001-001,5-39UY7G-001-002,5-39UY7G-001-003,5-39UY7G-001-004,5-39UY7G-001-005,5-39UY7G-001-006,5-39UY7G-001-007,5-39UY7G-001-008,5-39UY7G-001-009,5-39UY7G-001-010,, [FALSE]eMarkOut數量不正確，過帳中止。",異常退盒,2025/9/26 下午 04:30:42
ASEF3,K25,8F,3190,801,過帳相關,"品質活動:流道二 TrackOut Fail: N, 2D_Inf: 5-LEQME3-007-001,5-LEQME3-007-002,5-LEQME3-007-003,5-LEQME3-007-004,5-LEQME3-007-005,5-LEQME3-007-006,5-LEQME3-007-007,5-LEQME3-007-008,5-LEQME3-007-009,5-LEQME3-007-010,, [FALSE]eMarkOut數量不正確，過帳中止。",異常退盒,2025/9/26 下午 04:22:42
ASEF3,K25,8F,2400,807,過帳相關,小黑盒,無法過帳,2025/9/26 下午 04:22:34
ASEF1,K21,8F,2500,ALL,自動化設備相關,B LINE NG,機台異常,2025/9/26 下午 04:04:50
ASEF3,K11,8F,3260,ALL,自動化設備相關,,卡盒卡盤,2025/9/26 下午 03:52:58
ASEF3,K25,8F,2900,813F,過帳相關,"品質活動
TrackOut 失敗(Fail):批號:382KN0B001 WAFERID蒐集站點請輸入WAFERID.(MUST KEY IN WAFERID)",無法過帳,2025/9/26 下午 03:50:18
ASEF3,K25,8F,2395,807,過帳相關,機台作業總片數與MES總片數比對失敗，不進行Move Out，Machine_QTY：[8]，MES_QTY：[16],參數比對異常,2025/9/26 下午 03:47:20
ASEF3,K11,8F,3910,815,過帳相關,無法MOVE IN，請重開EAP,無法過帳,2025/9/26 下午 03:39:07
ASEF3,K25,8F,2400,810,過帳相關,機台作業總片數與MES總片數比對失敗，不進行Move Out，Machine_QTY,無法過帳,2025/9/26 下午 03:33:18
ASEF3,K25,8F,3190,801,過帳相關,品質活動:TrackOut 失敗(Fail):LotJVQMH2B012的狀態目前為Hold無法執行此功能，請確認。 The status of this lot JVQMH2B012is Hold.You can't performance this rule.Please check.,異常退盒,2025/9/26 下午 03:20:07
ASEF3,K25,8F,2195,805,過帳相關,品質活動 CASS ID異常,無法過帳,2025/9/26 下午 03:16:03
ASEF3,K25,8F,3260,B19,自動化設備相關,,機台異常,2025/9/26 下午 03:10:42
ASEF3,K25,8F,2900,807H,自動化設備相關,天車塞車,卡盒卡盤,2025/9/26 下午 03:09:35
ASEF3,K22,8F,2395,805,過帳相關,機台作業總片數與MES總片數比對失敗，不進行Move Out，Machine_QTY：[8]，MES_QTY：[16],參數比對異常,2025/9/26 下午 03:09:16
ASEF3,K25,8F,2400,802,過帳相關,機台作業總片數與MES總片數比對失敗，不進行Move Out，Machine_QTY,無法過帳,2025/9/26 下午 02:57:42
ASEF3,K25,7F,3260,B24,自動化設備相關,,機台異常,2025/9/26 下午 02:52:07
ASEF3,K25,8F,3190,801,過帳相關,"品質活動:TrackOut Fail: N, 2D_Inf: 5-LEQME2-006-001,5-LEQME2-006-002,5-LEQME2-006-003,5-LEQME2-006-004,5-LEQME2-006-005,5-LEQME2-006-006,5-LEQME2-006-007,5-LEQME2-006-008,5-LEQME2-006-009,5-LEQME2-006-010,, [FALSE]eMarkOut數量不正確，過帳中止。",異常退盒,2025/9/26 下午 02:47:42
ASEF3,K25,8F,3190,801,過帳相關,"品質活動:TrackOut Fail: N, 2D_Inf: 5-38UY46-031-001,5-38UY46-031-002,5-38UY46-031-003,5-38UY46-031-004,5-38UY46-031-005,5-38UY46-031-006,5-38UY46-031-007,5-38UY46-031-008,5-38UY46-031-009,5-38UY46-031-010,, [FALSE]eMarkOut數量不正確，過帳中止。",異常退盒,2025/9/26 下午 02:47:07
ASEF3,K25,8F,3190,801,過帳相關,"品質活動:TrackOut Fail: N, 2D_Inf: 5-LEQME3-010-001,, [FALSE]eMarkOut數量不正確，過帳中止。",異常退盒,2025/9/26 下午 02:46:20
ASEF3,K25,8F,3670,E05,自動化設備相關,,機台異常,2025/9/26 下午 02:38:40
ASEF3,K25,8F,4110,B19,自動化設備相關,,機台異常,2025/9/26 下午 02:37:51
ASEF3,K25,8F,2195,804,過帳相關,品質活動 CASS ID異常,無法過帳,2025/9/26 下午 02:33:12
ASEF3,K25,8F,2195,804,過帳相關,品質活動 CASS ID異常,無法過帳,2025/9/26 下午 02:32:34
ASEF3,K25,8F,2400,813,過帳相關,小黑盒,無法過帳,2025/9/26 下午 02:30:19
ASEF3,K25,8F,2395,803,過帳相關,機台作業總片數與MES總片數比對失敗，不進行Move Out，Machine_QTY：[8]，MES_QTY：[16],參數比對異常,2025/9/26 下午 02:27:37
ASEF3,K25,8F,2395,812,過帳相關,機台作業總片數與MES總片數比對失敗，不進行Move Out，Machine_QTY：[8]，MES_QTY：[16],參數比對異常,2025/9/26 下午 02:08:14
ASEF3,K25,8F,2395,809,過帳相關,機台作業總片數與MES總片數比對失敗，不進行Move Out，Machine_QTY：[8]，MES_QTY：[16],參數比對異常,2025/9/26 下午 02:06:50
ASEF1,K21,8F,2715,A02,自動化設備相關,NG,過壓防撞,2025/9/26 下午 01:58:50
ASEF3,K25,8F,3190,802,過帳相關,"品質活動:TrackOut Fail: N, 2D_Inf: 5-382KP0-002-001,5-382KP0-002-002,5-382KP0-002-003,5-382KP0-002-004,5-382KP0-002-005,5-382KP0-002-006,5-382KP0-002-007,5-382KP0-002-008,5-382KP0-002-009,5-382KP0-002-010,, [FALSE]eMarkOut數量不正確，過帳中止。",異常退盒,2025/9/26 下午 01:55:01
ASEF1,K21,8F,2715,A02,自動化設備相關,NG,過壓防撞,2025/9/26 下午 01:26:35
ASEF1,K21,8F,2500,ALL,自動化設備相關,A B LINE NG,機台異常,2025/9/26 下午 01:12:40
ASEF3,K25,8F,3260,B18,自動化設備相關,,機台異常,2025/9/26 下午 01:12:38
ASEF3,K25,8F,2395,805,過帳相關,機台作業總片數與MES總片數比對失敗，不進行Move Out，Machine_QTY：[9]，MES_QTY：[18],參數比對異常,2025/9/26 下午 01:12:16
ASEF3,K25,8F,3190,802,過帳相關,"品質活動:TrackOut Fail: N, 2D_Inf: 5-39UY7G-020-001,5-39UY7G-020-002,5-39UY7G-020-003,5-39UY7G-020-004,5-39UY7G-020-005,5-39UY7G-020-006,5-39UY7G-020-007,5-39UY7G-020-008,5-39UY7G-020-009,5-39UY7G-020-010,, [FALSE]eMarkOut數量不正確，過帳中止。",異常退盒,2025/9/26 下午 01:11:51
ASEF3,K25,8F,3190,801,過帳相關,"品質活動:TrackOut Fail: N, 2D_Inf: 5-LEQME1-009-001,5-LEQME1-009-002,5-LEQME1-009-003,5-LEQME1-009-004,5-LEQME1-009-005,5-LEQME1-009-006,5-LEQME1-009-007,5-LEQME1-009-008,5-LEQME1-009-009,5-LEQME1-009-010,, [FALSE]eMarkOut數量不正確，過帳中止。",異常退盒,2025/9/26 下午 01:10:54
ASEF1,K21,8F,2845,A04,自動化設備相關,手臂 異常,機台異常,2025/9/26 下午 01:10:10
ASEF3,K25,8F,2395,804,過帳相關,小黑盒壞了無法MOVE IN/OUT,無法過帳,2025/9/26 下午 01:08:22
ASEF3,K25,8F,2400,802,過帳相關,機台作業總片數與MES總片數比對失敗，不進行Move Out，Machine_QTY：[1]，MES_QTY：[2],參數比對異常,2025/9/26 下午 01:04:14
ASEF1,K21,8F,2500,ALL,自動化設備相關,A LINE NG,機台異常,2025/9/26 下午 01:03:43
ASEF3,K25,8F,2195,803,過帳相關,品質活動 CASS ID異常,無法過帳,2025/9/26 下午 01:01:53
ASEF3,K25,8F,2400,801,過帳相關,機台作業總片數與MES總片數比對失敗，不進行Move Out，Machine_QTY：[8]，MES_QTY：[16],參數比對異常,2025/9/26 下午 12:41:22
ASEF3,K25,8F,2395,807,過帳相關,機台作業總片數與MES總片數比對失敗，不進行Move Out，Machine_QTY：[7]，MES_QTY：[14],參數比對異常,2025/9/26 下午 12:36:43
ASEF3,K22,8F,2400,813,過帳相關,小黑盒壞了無法自動 MOVE IN/OUT,無法過帳,2025/9/26 下午 12:24:06
ASEF1,K21,8F,2715,A02,自動化設備相關,NG,過壓防撞,2025/9/26 下午 12:05:18
ASEF3,K25,8F,2395,803,過帳相關,機台作業總片數與MES總片數比對失敗，不進行Move Out，Machine_QTY：[2]，MES_QTY：[4],參數比對異常,2025/9/26 下午 12:01:08
ASEF1,K21,8F,2715,A03,自動化設備相關,NG,過壓防撞,2025/9/26 上午 11:59:59
ASEF1,K21,8F,2500,ALL,自動化設備相關,B LINE NG,機台異常,2025/9/26 上午 11:45:37
ASEF3,K25,8F,2900,813F,過帳相關,TrackOut 失敗(Fail):批號:372K84B005 WAFERID蒐集站點請輸入WAFERID.(MUST KEY IN WAFERID),無法過帳,2025/9/26 上午 11:42:46
ASEF3,K22,7F,2900,813F,過帳相關,TrackOut 失敗(Fail):批號:372K84B004 WAFERID蒐集站點請輸入WAFERID.(MUST KEY IN WAFERID),無法過帳,2025/9/26 上午 11:42:24
ASEF3,K25,8F,3190,801,自動化設備相關,品質活動:儲格異常。,命令異常,2025/9/26 上午 11:37:36
ASEF3,K25,8F,2900,805H,過帳相關,"品質活動:y00+y41
AYQMW9B002",異常退盒,2025/9/26 上午 11:33:43
ASEF3,K25,8F,2900,804H,過帳相關,"品質活動
TrackOut 失敗(Fail):批號:LEQME2B002 WAFERID蒐集站點請輸入WAFERID.(MUST KEY IN WAFERID)",無法過帳,2025/9/26 上午 11:28:49
ASEF3,K25,8F,2400,806,過帳相關,機台作業總片數與MES總片數比對失敗，不進行Move Out，Machine_QTY,無法過帳,2025/9/26 上午 11:15:01
ASEF3,K25,8F,2900,808H,過帳相關,"JVQMH4B001
品質活動:y00+y41",異常退盒,2025/9/26 上午 10:55:02
ASEF3,K25,8F,2195,803,過帳相關,品質活動 CASS ID異常,無法過帳,2025/9/26 上午 10:54:51
ASEF3,K25,8F,2395,804,過帳相關,小黑盒壞了無法MOVE IN/OUT,無法過帳,2025/9/26 上午 10:35:55
ASEF3,K25,8F,2930,804,過帳相關,"JVQMH2B007
品質活動y00+y41",異常退盒,2025/9/26 上午 10:35:25
ASEF3,K25,5F,2395,804,過帳相關,小黑盒壞了無法MOVE IN/OUT,無法過帳,2025/9/26 上午 10:34:10
ASEF3,K25,8F,3800,06,自動化設備相關,,偵測檢知異常,2025/9/26 上午 10:34:03
ASEF3,K25,3F,2400,803,過帳相關,機台作業總片數與MES總片數比對失敗，不進行Move Out，Machine_QTY,無法過帳,2025/9/26 上午 10:27:32
ASEF3,K25,8F,2395,803,過帳相關,機台作業總片數與MES總片數比對失敗，不進行Move Out，Machine_QTY,無法過帳,2025/9/26 上午 10:25:54
ASEF3,K25,8F,2930,802,過帳相關,"品質活動 y00+y41
LEQME0B006
LEQME1B004
LEQME1B005
LEQME1B007
JVQMH2B003
JVQMH4B002",異常退盒,2025/9/26 上午 10:24:45
ASEF3,K25,8F,3190,801,自動化設備相關,手臂過壓,過壓防撞,2025/9/26 上午 10:21:05
ASEF3,K25,8F,4110,ALL,自動化設備相關,,機台異常,2025/9/26 上午 10:20:34
ASEF3,K25,8F,2395,801,過帳相關,機台作業總片數與MES總片數比對失敗，不進行Move Out，Machine_QTY：[12]，MES_QTY：[18],參數比對異常,2025/9/26 上午 10:16:13
ASEF3,K25,8F,3670,ALL,自動化設備相關,,機台異常,2025/9/26 上午 10:15:50
ASEF3,K25,8F,2395,808,過帳相關,小黑盒壞了無法MOVE IN/OUT,無法過帳,2025/9/26 上午 10:09:46
ASEF3,K25,8F,2400,813,過帳相關,392KNLW001,無法過帳,2025/9/26 上午 10:06:07
ASEF3,K25,8F,2395,807,過帳相關,機台作業總片數與MES總片數比對失敗，不進行Move Out，Machine_QTY：[8]，MES_QTY：[16],參數比對異常,2025/9/26 上午 09:51:19
ASEF3,K25,8F,4110,ALL,自動化設備相關,,機台異常,2025/9/26 上午 09:47:13
ASEF3,K25,8F,3260,B24,自動化設備相關,,機台異常,2025/9/26 上午 09:46:38
ASEF3,K25,8F,2395,808,過帳相關,小黑盒壞了無法MOVE IN/OUT,無法過帳,2025/9/26 上午 09:43:25
ASEF3,K25,8F,3190,804,過帳相關,"品質活動:流道三 TrackOut Fail: N, 2D_Inf: 5-MCQMR3-010-001,5-MCQMR3-010-002,5-MCQMR3-010-003,5-MCQMR3-010-004,5-MCQMR3-010-005,5-MCQMR3-010-006,5-MCQMR3-010-007,5-MCQMR3-010-008,5-MCQMR3-010-009,5-MCQMR3-010-010,, [FALSE]eMarkOut數量不正確，過帳中止。",異常退盒,2025/9/26 上午 09:38:50
ASEF3,K25,8F,2400,804,過帳相關,小黑盒,無法過帳,2025/9/26 上午 09:27:42
ASEF3,K25,8F,2900,801H,過帳相關,"品質活動
TrackOut 失敗(Fail):批號:382KTPB001 WAFERID蒐集站點請輸入WAFERID.(MUST KEY IN WAFERID)",無法過帳,2025/9/26 上午 09:20:55
ASEF3,K25,8F,3670,E05,自動化設備相關,,機台異常,2025/9/26 上午 09:18:14
ASEF3,K25,8F,2395,805,過帳相關,機台作業總片數與MES總片數比對失敗，不進行Move Out，Machine_QTY：[8]，MES_QTY：[16],參數比對異常,2025/9/26 上午 09:17:36
ASEF3,K25,8F,2900,813F,過帳相關,"品質活動
TrackOut 失敗(Fail):批號:372K84B003 WAFERID蒐集站點請輸入WAFERID.(MUST KEY IN WAFERID)",無法過帳,2025/9/26 上午 09:15:02
ASEF1,K21,8F,2715,A03,自動化設備相關,NG,過壓防撞,2025/9/26 上午 09:14:33
ASEF3,K25,8F,2900,813F,過帳相關,"品質活動
TrackOut 失敗(Fail):批號:372K84B008 WAFERID蒐集站點請輸入WAFERID.(MUST KEY IN WAFERID)",無法過帳,2025/9/26 上午 09:11:48
ASEF3,K25,8F,2195,802,過帳相關,品質活動 CASS ID,無法過帳,2025/9/26 上午 09:09:21
ASEF1,K22,8F,2945,0380,過帳相關,,無法過帳,2025/9/26 上午 08:56:14
ASEF3,K25,8F,2490,801,過帳相關,"TrackOut 失敗(Fail):請依照當時 TrackIn 時間順序, 來做 TrackOut , 順序如下: LOTID：AYQMWE MVINTIME：2025/9/26 上午 07：25：49 LOTID：AYQMWDW001 MVINTIME：2025/9/26 上午 08：11：47 LOTID：AYQMWDW002 MVINTIME：2025/9/26 上午 08：11：47 LOTID：39UYV4W003 MVINTIME：2025/9/26 上午 08：21：54 LOTID：AYQMYZ MVINTIME：2025/9/26 上午 08：32：16 ... || Please follow (First In First Out) Rule to TrackOut the LotID.",無法過帳,2025/9/26 上午 08:55:55
ASEF1,K21,5F,2195,C01,過帳相關,作業非TOSA，請協助更改一般比對程式,無法過帳,2025/9/26 上午 08:48:06
ASEF3,K25,8F,3190,802,過帳相關,"品質活動:TrackOut Fail: N, 2D_Inf: 5-LEQMCJ-002-001,5-LEQMCJ-002-002,5-LEQMCJ-002-003,5-LEQMCJ-002-004,5-LEQMCJ-002-005,5-LEQMCJ-002-006,5-LEQMCJ-002-007,5-LEQMCJ-002-008,5-LEQMCJ-002-009,5-LEQMCJ-002-010,, [FALSE]eMarkOut數量不正確，過帳中止。",異常退盒,2025/9/26 上午 08:47:27
ASEF3,K25,8F,3190,802,過帳相關,"品質活動: TrackOut Fail: N, 2D_Inf: 5-LEQME0-002-001,5-LEQME0-002-002,5-LEQME0-002-003,5-LEQME0-002-004,5-LEQME0-002-005,5-LEQME0-002-006,5-LEQME0-002-007,5-LEQME0-002-008,5-LEQME0-002-009,5-LEQME0-002-010,, [FALSE]eMarkOut數量不正確，過帳中止。",異常退盒,2025/9/26 上午 08:46:27
ASEF3,K25,8F,2490,801,過帳相關,"TrackOut 失敗(Fail):請依照當時 TrackIn 時間順序, 來做 TrackOut , 順序如下: LOTID：AYQMWE MVINTIME：2025/9/26 上午 07：25：49 LOTID：AYQMWDW002 MVINTIME：2025/9/26 上午 08：11：47 LOTID：AYQMWDW001 MVINTIME：2025/9/26 上午 08：11：47 LOTID：39UYV4W003 MVINTIME：2025/9/26 上午 08：21：54 ... || Please follow (First In First Out) Rule to TrackOut the LotID.",無法過帳,2025/9/26 上午 08:45:31
ASEF3,K25,8F,3190,804,過帳相關,"品質活動:流道三 TrackOut Fail: N, 2D_Inf: 5-JVQMH3-011-001,5-JVQMH3-011-002,5-JVQMH3-011-003,5-JVQMH3-011-004,5-JVQMH3-011-005,5-JVQMH3-011-006,5-JVQMH3-011-007,5-JVQMH3-011-008,5-JVQMH3-011-009,, [FALSE]eMarkOut數量不正確，過帳中止。",異常退盒,2025/9/26 上午 08:45:14
ASEF3,K25,8F,2490,801,過帳相關,"TrackOut 失敗(Fail):請依照當時 TrackIn 時間順序, 來做 TrackOut , 順序如下: LOTID：AYQMWE MVINTIME：2025/9/26 上午 07：25：49 LOTID：AYQMWDW002 MVINTIME：2025/9/26 上午 08：11：47 LOTID：AYQMWDW001 MVINTIME：2025/9/26 上午 08：11：47 ... || Please follow (First In First Out) Rule to TrackOut the LotID.",無法過帳,2025/9/26 上午 08:43:13
ASEF3,K25,8F,2490,801,過帳相關,TrackOut 失敗(Fail):該時段該機台[E0141343]無配置給任何一位作業人員，OP工號為空值，故 Track Out Fail.,無法過帳,2025/9/26 上午 08:42:31
ASEF3,K11,7F,4730,822,關閉比對,4730#822  176L  SQ AI PROFILE   比對異常，待工程師校正， 需求關閉比對，手動上傳爐溫，請協助關閉AI PROFILE,關整台,2025/9/26 上午 08:35:57
ASEF3,K11,6F,4730,602,關閉比對,4730#602  207L  CU AI PROFILE   比對異常，待工程師校正， 需求關閉比對，手動上傳爐溫，請協助關閉AI PROFILE,關整台,2025/9/26 上午 08:33:23
ASEF3,K25,8F,2395,808,過帳相關,小黑盒壞了無法MOVE IN/OUT,無法過帳,2025/9/26 上午 08:25:14
ASEF3,K25,8F,2195,805,過帳相關,品質活動 CASS ID異常,無法過帳,2025/9/26 上午 08:23:46
ASEF3,K25,7F,2900,813F,過帳相關,TrackOut 失敗(Fail):批號:372K84B006 WAFERID蒐集站點請輸入WAFERID.(MUST KEY IN WAFERID),無法過帳,2025/9/26 上午 08:22:25
ASEF3,K11,7F,4730,805,關閉比對,4730#805 224  AI PROFILE異常， TEAM 需求關閉比對，手動上傳爐溫，請協助關閉AI PROFILE,關整台,2025/9/26 上午 08:22:05
ASEF3,K25,8F,2900,813F,過帳相關,TrackOut 失敗(Fail):批號:372K84B007 WAFERID蒐集站點請輸入WAFERID.(MUST KEY IN WAFERID),無法過帳,2025/9/26 上午 08:21:52
ASEF3,K25,8F,2395,808,過帳相關,小黑盒壞了無法MOVE IN/OUT,無法過帳,2025/9/26 上午 08:21:51
ASEF3,K25,7F,2900,813F,過帳相關,TrackOut 失敗(Fail):批號:372K84B002 WAFERID蒐集站點請輸入WAFERID.(MUST KEY IN WAFERID),無法過帳,2025/9/26 上午 08:21:25
ASEF3,K11,7F,4730,818,關閉比對,4730#818  64(QR23) L  AI PROFILE   比對異常，工程師 需求關閉比對，手動上傳爐溫，請協助關閉AI PROFILE,關整台,2025/9/26 上午 08:21:09
ASEF3,K11,6F,4730,652,關閉比對,4730#652  852  MTK AI PROFILE   比對異常，待工程師校正， 需求關閉比對，手動上傳爐溫，請協助關閉AI PROFILE,關整台,2025/9/26 上午 08:20:51
ASEF3,K11,7F,4730,821,關閉比對,4730#821  346L  25JSI無建檔  AI PROFILE  ，需求關閉比對(待工程師新增)，手動上傳爐溫，請協助關閉AI PROFILE,關整台,2025/9/26 上午 08:20:27
ASEF3,K11,7F,4730,803,關閉比對,4730#803  264(MM1X) L  AI PROFILE   比對異常，EE TEAM 需求關閉比對，手動上傳爐溫，請協助關閉AI PROFILE,關整台,2025/9/26 上午 08:20:09
ASEF3,K11,6F,4730,603,關閉比對,4730#603  266L 無美光  PROFILE ，EE TEAM 需求關閉比對，手動上傳爐溫，請協助關閉AI PROFILE,關整台,2025/9/26 上午 08:19:47
ASEF3,K11,8F,4730,814,關閉比對,4730#814 過帳電腦故障，EE TEAM 需求關閉比對，手動上傳爐溫，請協助關閉AI PROFILE,關整台,2025/9/26 上午 08:19:28
ASEF3,K11,9F,4730,801,關閉比對,4730#801 無安裝 AI PROFILE，系統有卡 EE TEAM 需求關閉比對，手動上傳爐溫，請協助關閉AI PROFILE,關整台,2025/9/26 上午 08:19:09
ASEF3,K11,9F,4730,816,關閉比對,4730#816 無安裝 AI PROFILE，系統有卡 EE TEAM 需求關閉比對，手動上傳爐溫，請協助關閉AI PROFILE,關整台,2025/9/26 上午 08:18:50
ASEF3,K11,9F,4515,651,關閉比對,4515#651 需過帳4554站點，請協助關閉防漏洗功能,關整台,2025/9/26 上午 08:18:29
ASEF3,K25,8F,2395,806,過帳相關,機台作業總片數與MES總片數比對失敗，不進行Move Out，Machine_QTY：[12]，MES_QTY：[6],參數比對異常,2025/9/26 上午 08:09:50
ASEF3,K25,8F,2395,804,過帳相關,小黑盒壞了無法MOVE IN/OUT,無法過帳,2025/9/26 上午 08:05:14
ASEF3,K25,8F,2900,805H,過帳相關,"品質活動
TrackOut 失敗(Fail):批號:AYQMW9B005 WAFERID蒐集站點請輸入WAFERID.(MUST KEY IN WAFERID)",無法過帳,2025/9/26 上午 07:46:13
ASEF3,K25,8F,2395,807,過帳相關,機台作業總片數與MES總片數比對失敗，不進行Move Out，Machine_QTY：[7]，MES_QTY：[14],參數比對異常,2025/9/26 上午 07:45:03
ASEF3,K25,8F,3260,ALL,自動化設備相關,,機台異常,2025/9/26 上午 07:43:47
ASEF3,K11,8F,2800,ALL,自動化設備相關,,機台異常,2025/9/26 上午 07:25:41
ASEF3,K25,8F,2400,813,過帳相關,小黑盒壞了無法自動,無法過帳,2025/9/26 上午 07:22:06
ASEF3,K25,8F,4110,ALL,自動化設備相關,,過壓防撞,2025/9/26 上午 07:20:58
ASEF3,K22,8F,2400,813,過帳相關,小黑盒壞了無法自動,無法過帳,2025/9/26 上午 07:20:53
ASEF3,K25,8F,2900,804H,過帳相關,wafer id,異常退盒,2025/9/26 上午 07:18:05
ASEF3,K25,8F,2395,810,過帳相關,機台作業總片數與MES總片數比對失敗，不進行Move Out，Machine_QTY：[4]，MES_QTY：[1],無法過帳,2025/9/26 上午 07:14:46
ASEF3,K25,8F,2900,813F,過帳相關,WAFER ID,異常退盒,2025/9/26 上午 07:12:53
ASEF3,K11,8F,3910,823,過帳相關,"消除作業紀錄，批號：
5-38UY38-010-002",連線異常,2025/9/26 上午 07:12:49
ASEF3,K25,8F,2400,816,過帳相關,小黑盒壞了無法自動,無法過帳,2025/9/26 上午 06:34:35
ASEF3,K25,8F,2400,816,過帳相關,ASEF3-2400-816 CA03251BK EIG 382KTRW003 2400 K14153 LogEAP_Error 機台作業總片數與MES總片數比對成功，Machine_QTY：[12]，MES_QTY：[12],無法過帳,2025/9/26 上午 06:33:08
ASEF3,K25,8F,2395,808,過帳相關,BL:ACK BOX NG,無法過帳,2025/9/26 上午 06:31:51
ASEF3,K25,8F,2395,809,過帳相關,機台作業總片數與MES總片數比對失敗，不進行Move Out，Machine_QTY：[9]，MES_QTY：[18],無法過帳,2025/9/26 上午 06:31:12
ASEF3,K25,8F,2845,803,自動化設備相關,ok,卡盒卡盤,2025/9/26 上午 06:27:31
ASEF3,K25,8F,3260,ALL,自動化設備相關,,卡盒卡盤,2025/9/26 上午 05:51:24
ASEF3,K25,8F,3670,E05,自動化設備相關,,偵測檢知異常,2025/9/26 上午 05:50:15
ASEF3,K25,8F,2400,813,過帳相關,小黑盒壞了無法自動,無法過帳,2025/9/26 上午 05:49:45
ASEF3,K25,8F,2400,813,過帳相關,"ASEF3-2400-813 CA03169BK EIG 382KWNW001 2400 K14153 LogEAP_Error 機台作業總片數與MES總片數比對失敗，不進行Move Out，Machine_QTY：[6]，MES_QTY：[2] 
2 ASEF3-2400-813 CA03169BK EIG 382KW3W001 2400 K14153 LogEAP_Error 機台作業總片數與MES總片數比對失敗，不進行Move Out，Machine_QTY：[6]，MES_QTY：[2]",無法過帳,2025/9/26 上午 05:45:15
ASEF3,K11,8F,4110,ALL,自動化設備相關,NG,機台異常,2025/9/26 上午 05:44:18
ASEF3,K25,8F,2395,807,過帳相關,機台作業總片數與MES總片數比對失敗，不進行Move Out，Machine_QTY：[8]，MES_QTY：[16],無法過帳,2025/9/26 上午 05:24:38
ASEF3,K25,8F,2400,808,過帳相關,小黑盒壞了無法自動,無法過帳,2025/9/26 上午 05:20:20
ASEF3,K25,8F,2395,808,過帳相關,BLACK BOX NG,無法過帳,2025/9/26 上午 05:14:25
ASEF3,K11,6F,4730,602,關閉比對,4730#602 207  AI PROFILE CU 最高溫異常， TEAM 需求關閉比對，手動上傳爐溫，請協助關閉AI PROFILE,關整台,2025/9/26 上午 04:47:48
ASEF3,K25,8F,2900,803H,過帳相關,wafer id,異常退盒,2025/9/26 上午 04:41:21
ASEF3,K25,8F,2900,804H,過帳相關,wafer id,異常退盒,2025/9/26 上午 04:25:03
ASEF3,K25,8F,2900,803H,過帳相關,wafer id,異常退盒,2025/9/26 上午 04:24:23
ASEF3,K25,8F,2395,809,過帳相關,BLACK BOX NG,無法過帳,2025/9/26 上午 04:20:11
ASEF3,K25,8F,2400,816,過帳相關,小黑盒壞了無法自動,無法過帳,2025/9/26 上午 03:57:57
ASEF3,K25,8F,2400,816,過帳相關,"ASEF3-2400-816 CA01588BK EIG 382KTQW003 2400 K14153 LogEAP_Error 機台作業總片數與MES總片數比對成功，Machine_QTY：[12]，MES_QTY：[12] 
 
 
 . 

處理中,請稍候..",無法過帳,2025/9/26 上午 03:56:33
ASEF3,K25,8F,2400,813,過帳相關,小黑盒壞了無法自動,無法過帳,2025/9/26 上午 03:53:21
ASEF3,K25,8F,2395,804,過帳相關,"ASEF3-2395-804 CA03169BK EIG 382KWNW001 2395 K14153 LogEAP_Error 機台作業總片數與MES總片數比對失敗，不進行Move Out，Machine_QTY：[6]，MES_QTY：[2] 
2 ASEF3-2395-804 CA03169BK EIG 382KW3W001 2395 K14153 LogEAP_Error 機台作業總片數與MES總片數比對失敗，不進行Move Out，Machine_QTY：[6]，MES_QTY：[2] 
 
 
 . 

處理中,請稍候..",無法過帳,2025/9/26 上午 03:48:47
ASEF3,K25,8F,2395,806,過帳相關,BLACK BOX NG,無法過帳,2025/9/26 上午 02:48:48
ASEF3,K25,8F,2395,801,過帳相關,Black BOX NG,無法過帳,2025/9/26 上午 02:32:09
ASEF3,K11,8F,4110,ALL,自動化設備相關,NG,機台異常,2025/9/26 上午 02:31:10
ASEF3,K25,8F,2890,801,自動化設備相關,,偵測檢知異常,2025/9/26 上午 02:23:44
ASEF3,K25,8F,2400,801,過帳相關,ASEF3-2400-801 CA03258BK EIG AYQMWG 2400 K14153 LogEAP_Error 機台作業總片數與MES總片數比對成功，Machine_QTY：[12]，MES_QTY：[12],無法過帳,2025/9/26 上午 01:56:13
ASEF3,K25,8F,2400,813,過帳相關,"ASEF3-2400-813 CA03688BK EIG 382KQ9 2400 K14153 LogEAP_Error 機台作業總片數與MES總片數比對失敗，不進行Move Out，Machine_QTY：[8]，MES_QTY：[16] 
2 ASEF3-2400-813 CA03688BK EIG 382KC9 2400 K14153 LogEAP_Error 機台作業總片數與MES總片數比對失敗，不進行Move Out，Machine_QTY：[8]，MES_QTY：[16]",無法過帳,2025/9/26 上午 01:27:49
ASEF3,K25,8F,2400,816,過帳相關,小黑盒壞了無法自動,無法過帳,2025/9/26 上午 01:26:48
ASEF3,K25,8F,2400,806,過帳相關,ASEF3-2400-806 CA00863BK EIG LEQME4 2400 K14153 LogEAP_Error 機台作業總片數與MES總片數比對失敗，不進行Move Out，Machine_QTY：[12]，MES_QTY：[7],無法過帳,2025/9/26 上午 01:19:57
ASEF3,K25,8F,2400,804,過帳相關,小黑盒壞了無法自動,無法過帳,2025/9/26 上午 01:13:33
ASEF3,K11,7F,4730,805,關閉比對,4730#805 224  AI PROFILE異常， TEAM 需求關閉比對，手動上傳爐溫，請協助關閉AI PROFILE,關整台,2025/9/26 上午 12:59:42
ASEF3,K25,8F,3260,B21,自動化設備相關,,過壓防撞,2025/9/26 上午 12:42:53
ASEF3,K25,8F,2400,807,過帳相關,小黑盒壞了無法自動,無法過帳,2025/9/26 上午 12:40:27
ASEF3,K25,8F,2400,803,過帳相關,小黑盒壞了無法自動,異常退盒,2025/9/26 上午 12:16:34
ASEF3,K25,8F,2400,808,過帳相關,小黑盒壞了無法自動,無法過帳,2025/9/25 下午 11:44:19
ASEF3,K25,8F,2890,801,自動化設備相關,alarm,卡盒卡盤,2025/9/25 下午 11:36:57
ASEF3,K25,8F,2400,813,過帳相關,"ASEF3-2400-813 CA04022BK EIG 382KDN 2400 K14153 LogEAP_Error 機台作業總片數與MES總片數比對失敗，不進行Move Out，Machine_QTY：[8]，MES_QTY：[16] 
2 ASEF3-2400-813 CA04022BK EIG 382KCE 2400 K14153 LogEAP_Error 機台作業總片數與MES總片數比對失敗，不進行Move Out，Machine_QTY：[8]，MES_QTY：[16]",無法過帳,2025/9/25 下午 11:18:23
ASEF3,K22,8F,2395,808,過帳相關,小黑盒壞了無法自動,無法過帳,2025/9/25 下午 11:15:30
ASEF3,K25,8F,2395,809,過帳相關,小黑盒壞了無法自動,無法過帳,2025/9/25 下午 10:59:25
ASEF3,K25,8F,2395,803,過帳相關,小黑盒壞了無法自動,無法過帳,2025/9/25 下午 10:58:55
ASEF3,K25,8F,2395,804,過帳相關,機台作業總片數與MES總片數比對失敗，不進行Move Out，Machine_QTY：[8]，MES_QTY：[16],無法過帳,2025/9/25 下午 10:39:33
ASEF3,K25,8F,4110,ALL,自動化設備相關,alarm,卡盒卡盤,2025/9/25 下午 10:38:06
ASEF3,K25,8F,2395,805,過帳相關,"ASEF3-2395-805 CA03162BK EIG 382KQ7 2395 K14183 LogEAP_Error 機台作業總片數與MES總片數比對失敗，不進行Move Out，Machine_QTY：[9]，MES_QTY：[18] 
2 ASEF3-2395-805 CA03162BK EIG 382KCB 2395 K14183 LogEAP_Error 機台作業總片數與MES總片數比對失敗，不進行Move Out，Machine_QTY：[9]，MES_QTY：[18] 
 
 
 . 

處理中,請稍候..",無法過帳,2025/9/25 下午 10:31:22
ASEF3,K25,8F,2400,803,過帳相關,小黑盒壞了無法自動,無法過帳,2025/9/25 下午 10:29:16
ASEF3,K25,8F,2400,803,過帳相關,"ASEF3-2400-803 CA03616BK EIG 382KC6 2400 K14153 LogEAP_Error 機台作業總片數與MES總片數比對失敗，不進行Move Out，Machine_QTY：[8]，MES_QTY：[16] 
2 ASEF3-2400-803 CA03616BK EIG 382KB3 2400 K14153 LogEAP_Error 機台作業總片數與MES總片數比對失敗，不進行Move Out，Machine_QTY：[8]，MES_QTY：[16]",無法過帳,2025/9/25 下午 10:24:47
ASEF3,K25,8F,2395,801,過帳相關,ASEF3-2395-801 CA03258BK EIG AYQMWG 2395 C3557 LogEAP_Error 機台作業總片數與MES總片數比對成功，Machine_QTY：[12]，MES_QTY：[12],無法過帳,2025/9/25 下午 10:19:24
ASEF3,K25,8F,2400,806,過帳相關,"ASEF3-2400-806 CA03657BK EIG LEQME3 2400 K06598 LogEAP_Error 機台作業總片數與MES總片數比對失敗，不進行Move Out，Machine_QTY：[13]，MES_QTY：[18] 
2 ASEF3-2400-806 CA03657BK EIG LEQME2 2400 K06598 LogEAP_Error 機台作業總片數與MES總片數比對失敗，不進行Move Out，Machine_QTY：[13]，MES_QTY：[18] 
 
 
 . 

處理中,請稍候..",無法過帳,2025/9/25 下午 09:51:57
ASEF3,K25,8F,2400,807,過帳相關,小黑盒壞了無法自動,無法過帳,2025/9/25 下午 09:47:41
ASEF3,K25,8F,2400,807,過帳相關,"ASEF3-2400-807 CA01179BK EIG AYQMWDW002 2400 C6040 LogEAP_Error 機台作業總片數與MES總片數比對成功，Machine_QTY：[13]，MES_QTY：[13] 
2 ASEF3-2400-807 CA01179BK EIG AYQMWDW001 2400 C6040 LogEAP_Error 機台作業總片數與MES總片數比對成功，Machine_QTY：[13]，MES_QTY：[13] 
 
 
 . 

處理中,請稍候..",無法過帳,2025/9/25 下午 09:45:53
ASEF3,K25,8F,4110,ALL,自動化設備相關,alarm,卡盒卡盤,2025/9/25 下午 09:44:07
ASEF3,K25,8F,2400,813,過帳相關,小黑盒壞了無法自動,無法過帳,2025/9/25 下午 09:27:16
ASEF3,K25,8F,2890,803,自動化設備相關,alarm,卡盒卡盤,2025/9/25 下午 09:24:29
ASEF3,K25,9F,3910,9001,自動化設備相關,alarm,卡盒卡盤,2025/9/25 下午 09:16:05
ASEF3,K25,8F,2400,804,過帳相關,"ASEF3-2400-804 CA02841BK EIG 382KDP 2400 K06598 LogEAP_Error 機台作業總片數與MES總片數比對失敗，不進行Move Out，Machine_QTY：[8]，MES_QTY：[16] 
2 ASEF3-2400-804 CA02841BK EIG 382KCD 2400 K06598 LogEAP_Error 機台作業總片數與MES總片數比對失敗，不進行Move Out，Machine_QTY：[8]，MES_QTY：[16] 
 
 
 . 

處理中,請稍候..",無法過帳,2025/9/25 下午 09:10:09
ASEF3,K25,8F,2400,803,過帳相關,小黑盒壞了無法自動,無法過帳,2025/9/25 下午 08:54:16
ASEF3,K25,8F,2395,804,過帳相關,機台作業總片數與MES總片數比對失敗，不進行Move Out，Machine_QTY：[8]，MES_QTY：[16],無法過帳,2025/9/25 下午 08:40:07
ASEF3,K25,8F,2890,802,自動化設備相關,alarm,偵測檢知異常,2025/9/25 下午 08:32:07
ASEF3,K25,9F,3910,9003,過帳相關,2D TIME OUT 請消除 5-382KH8-005-002 / 5-382KH8-005-003 作業紀錄，共2條，謝謝。,連線異常,2025/9/25 下午 08:23:05
ASEF3,K25,8F,2395,805,過帳相關,機台作業總片數與MES總片數比對失敗，不進行Move Out，Machine_QTY：[8]，MES_QTY：[16],無法過帳,2025/9/25 下午 08:18:50
ASEF3,K25,8F,4110,ALL,自動化設備相關,alarm,條碼讀取異常,2025/9/25 下午 08:11:26
ASEF3,K25,8F,2395,807,過帳相關,機台作業總片數與MES總片數比對失敗，不進行Move Out，Machine_QTY：[12]，MES_QTY：[7],無法過帳,2025/9/25 下午 08:06:35
ASEF3,K11,7F,4730,818,關閉比對,4730#818  64(QR23) L  AI PROFILE   比對異常，工程師 需求關閉比對，手動上傳爐溫，請協助關閉AI PROFILE,關整台,2025/9/25 下午 07:54:10
ASEF3,K11,6F,4730,652,關閉比對,4730#652  852  MTK AI PROFILE   比對異常，待工程師校正， 需求關閉比對，手動上傳爐溫，請協助關閉AI PROFILE,關整台,2025/9/25 下午 07:53:50
ASEF3,K11,7F,4730,821,關閉比對,4730#821  346L  25JSI無建檔  AI PROFILE  ，需求關閉比對(待工程師新增)，手動上傳爐溫，請協助關閉AI PROFILE,關整台,2025/9/25 下午 07:53:31
ASEF3,K11,7F,4730,803,關閉比對,4730#803  264(MM1X) L  AI PROFILE   比對異常，EE TEAM 需求關閉比對，手動上傳爐溫，請協助關閉AI PROFILE,關整台,2025/9/25 下午 07:53:12
ASEF3,K11,6F,4730,603,關閉比對,4730#603  266L 無美光  PROFILE ，EE TEAM 需求關閉比對，手動上傳爐溫，請協助關閉AI PROFILE,關整台,2025/9/25 下午 07:52:52
ASEF3,K11,8F,4730,814,關閉比對,4730#814 過帳電腦故障，EE TEAM 需求關閉比對，手動上傳爐溫，請協助關閉AI PROFILE,關整台,2025/9/25 下午 07:52:33
ASEF3,K11,8F,4110,ALL,自動化設備相關,NG,機台異常,2025/9/25 下午 07:52:19
ASEF3,K11,9F,4730,801,關閉比對,4730#801 無安裝 AI PROFILE，系統有卡 EE TEAM 需求關閉比對，手動上傳爐溫，請協助關閉AI PROFILE,關整台,2025/9/25 下午 07:52:07
ASEF3,K11,9F,4730,816,關閉比對,4730#816 無安裝 AI PROFILE，系統有卡 EE TEAM 需求關閉比對，手動上傳爐溫，請協助關閉AI PROFILE,關整台,2025/9/25 下午 07:51:48
ASEF3,K11,9F,4515,651,關閉比對,4515#651 需過帳4554站點，請協助關閉防漏洗功能,關整台,2025/9/25 下午 07:51:00
ASEF3,K25,8F,3260,ALL,自動化設備相關,alarm,卡盒卡盤,2025/9/25 下午 07:41:14
ASEF1,K22,8F,4610,B61,自動化程式相關,"4610-B61線新增兩台NXT，更改帶頭機號碼
ASE USER : K09783
CT4 : 13059",無法過帳,2025/9/25 下午 07:30:10
ASEF3,K25,8F,3670,ALL,自動化設備相關,,機台異常,2025/9/25 下午 07:23:11
ASEF3,K25,8F,3260,ALL,自動化設備相關,,機台異常,2025/9/25 下午 07:22:47
ASEF3,K25,8F,2195,804,過帳相關,品質活動 CASS ID異常,無法過帳,2025/9/25 下午 07:21:25
ASEF3,K25,8F,2195,804,過帳相關,品質活動 CASS ID異常,無法過帳,2025/9/25 下午 07:20:53
ASEF3,K25,8F,2400,815,過帳相關,"小黑盒壞了無法自動 MOVE IN/OUT
",無法過帳,2025/9/25 下午 07:16:04
ASEF1,K21,8F,2715,A03,自動化設備相關,2715 A03 NG,機台異常,2025/9/25 下午 07:02:24
ASEF3,K25,8F,3190,802,過帳相關,"品質活動:流道三 TrackOut Fail: N, 2D_Inf: 5-CEQMEL-002-001,5-CEQMEL-002-002,5-CEQMEL-002-003,5-CEQMEL-002-004,5-CEQMEL-002-005,5-CEQMEL-002-006,5-CEQMEL-002-007,5-CEQMEL-002-008,5-CEQMEL-002-009,5-CEQMEL-002-010,, [FALSE]eMarkOut數量不正確，過帳中止。",異常退盒,2025/9/25 下午 07:00:57
ASEF3,K25,8F,3190,802,過帳相關,"品質活動:流道二 TrackOut Fail: N, 2D_Inf: 5-MCQMR5-006-001,5-MCQMR5-006-002,5-MCQMR5-006-003,5-MCQMR5-006-004,5-MCQMR5-006-005,5-MCQMR5-006-006,5-MCQMR5-006-007,5-MCQMR5-006-008,5-MCQMR5-006-009,5-MCQMR5-006-010,, [FALSE]eMarkOut數量不正確，過帳中止。",異常退盒,2025/9/25 下午 07:00:07
ASEF3,K11,8F,3260,ALL,自動化設備相關,,機台異常,2025/9/25 下午 06:53:30
ASEF3,K25,8F,2395,808,過帳相關,"AYQMWMW002
AYQMWMW001
小黑盒NG無法MOVIE IN/OUT",無法過帳,2025/9/25 下午 06:52:14
ASEF3,K25,8F,2400,807,過帳相關,"小黑盒壞了無法自動 MOVE IN/OUT
",無法過帳,2025/9/25 下午 06:33:58
ASEF3,K25,8F,2395,804,過帳相關,"382KCD
382KDP
RFID損壞
",無法過帳,2025/9/25 下午 06:32:51
ASEF3,K25,8F,2395,807,過帳相關,"LEQME3
LEQME2
小黑盒NG無法MOVIE IN/OUT",無法過帳,2025/9/25 下午 06:27:25
ASEF3,K25,8F,2490,801,過帳相關,"JVQMH4W001
392KJZW002
AYQMWAW001
AYQMWAW002",無法過帳,2025/9/25 下午 06:27:09
ASEF3,K25,8F,2490,801,過帳相關,ADC資料,無法過帳,2025/9/25 下午 06:23:03
ASEF3,K25,8F,2195,805,過帳相關,品質活動 CASS ID異常,無法過帳,2025/9/25 下午 06:18:18
ASEF3,K25,8F,2395,801,過帳相關,"AYQMWG
RFID損壞",無法過帳,2025/9/25 下午 06:17:21
ASEF3,K25,8F,2395,808,過帳相關,"AYQMWKW002
AYQMWKW001
小黑盒NG無法MOVIE IN/OUT
",無法過帳,2025/9/25 下午 06:15:03
ASEF3,K25,8F,2195,804,過帳相關,品質活動 CASS ID,無法過帳,2025/9/25 下午 05:59:25
ASEF3,K25,9F,3910,9003,過帳相關,2D讀取Timeout，請協助清除2D讀取紀錄。5-382KH6-006-006、5-382KH6-006-005,連線異常,2025/9/25 下午 05:35:40
ASEF3,K25,8F,2195,804,過帳相關,品質活動 CASS ID,無法過帳,2025/9/25 下午 05:15:36
ASEF3,K25,8F,3190,802,自動化設備相關,品質活動:儲格異常。,命令異常,2025/9/25 下午 05:04:26
ASEF3,K25,8F,2400,802,過帳相關,"392K89
392K8A

小黑盒壞了無法自動 MOVE IN/OUT
",無法過帳,2025/9/25 下午 04:53:19
ASEF3,K25,8F,2395,803,過帳相關,"382KB3
382KC6
小黑盒NG無法MOVIE IN/OUT",無法過帳,2025/9/25 下午 04:46:28
ASEF3,K11,9F,4730,819,關閉比對,4730#819  397L 無MTK  PROFILE ，EE TEAM 需求關閉比對，手動上傳爐溫，請協助關閉AI PROFILE,關整台,2025/9/25 下午 04:41:47
ASEF3,K11,8F,3910,812,過帳相關,"5-JNQMCM-034-003
刪除2D記錄",連線異常,2025/9/25 下午 04:33:22
ASEF3,K25,8F,2400,815,過帳相關,"JVQMH8W001
JVQMH8W002
小黑盒壞了無法自動 MOVE IN/OUT
",無法過帳,2025/9/25 下午 04:24:07
ASEF3,K11,8F,3450,ALL,自動化設備相關,,機台異常,2025/9/25 下午 04:22:45
ASEF3,K25,8F,2195,804,過帳相關,品質活動 CASS ID異常,無法過帳,2025/9/25 下午 04:18:23
ASEF3,K25,8F,2195,804,過帳相關,品質活動 CASS ID異常,無法過帳,2025/9/25 下午 04:17:56
ASEF3,K25,8F,2400,815,過帳相關,"JVQMH4W002
小黑盒壞了無法自動 MOVE IN/OUT

",無法過帳,2025/9/25 下午 04:03:30
ASEF3,K25,7F,2400,07,過帳相關,"小黑盒壞了無法自動 MOVE IN/OUT
",無法過帳,2025/9/25 下午 03:42:24
ASEF3,K25,7F,2400,813,過帳相關,"小黑盒壞了無法自動 MOVE IN/OUT
",無法過帳,2025/9/25 下午 03:32:32
ASEF3,K22,8F,2900,817H,過帳相關,"品質活動
TrackOut 失敗(Fail):批號:MCQMR5B004 WAFERID蒐集站點請輸入WAFERID.(MUST KEY IN WAFERID)",無法過帳,2025/9/25 下午 03:30:14
ASEF3,K25,8F,2195,804,過帳相關,品質活動 CASS ID,無法過帳,2025/9/25 下午 03:26:16
ASEF1,K21,8F,2500,ALL,自動化設備相關,B區卡盤,卡盒卡盤,2025/9/25 下午 03:11:05
ASEF1,K21,8F,2500,ALL,自動化設備相關,B LINE NG,機台異常,2025/9/25 下午 02:47:15
ASEF3,K25,8F,2400,804,過帳相關,機台作業總片數與MES總片數比對失敗，不進行Move Out，Machine_QTY：[9]，MES_QTY：[18],參數比對異常,2025/9/25 下午 02:44:03
ASEF3,K11,7F,4800,818,過帳相關,,連線異常,2025/9/25 下午 02:23:15
ASEF3,K25,8F,2395,808,過帳相關,"AYQMWKW002
AYQMWKW001

小黑盒NG無法MOVIE IN/OUT",無法過帳,2025/9/25 下午 02:23:00
ASEF3,K25,8F,2395,808,過帳相關,小黑盒NG無法MOVIE IN/OUT,無法過帳,2025/9/25 下午 02:13:40
ASEF3,K11,8F,3910,816,過帳相關,"Please delete 2D data: 
5-38UY2B-001-002",連線異常,2025/9/25 下午 02:08:35
ASEF3,K11,8F,3910,815,過帳相關,"PLEASE DELETE 2D
5-38UYNR-006-004",連線異常,2025/9/25 下午 02:08:05
ASEF3,K11,8F,3910,813,過帳相關,"PLEASE DELETE THIS 2D 

5-JQQMQW-005-002",連線異常,2025/9/25 下午 02:08:00
ASEF3,K11,8F,3910,819,過帳相關,"Please delete 2D data:
5-37TPTD-013-005",連線異常,2025/9/25 下午 02:06:37
ASEF3,K25,8F,2400,808,過帳相關,"小黑盒壞了無法自動 MOVE IN/OUT
",參數比對異常,2025/9/25 下午 02:04:06
ASEF3,K11,8F,3910,814,過帳相關,"Please delete 2D data: 
5-37UYZJ-001-004",連線異常,2025/9/25 下午 02:02:23
ASEF3,K25,8F,2400,16,過帳相關,"小黑盒壞了無法自動 MOVE IN/OUT
",無法過帳,2025/9/25 下午 01:53:58
ASEF3,K25,8F,2900,801H,過帳相關,"品質活動
TrackOut 失敗(Fail):批號:382KTMB002 WAFERID蒐集站點請輸入WAFERID.(MUST KEY IN WAFERID)",無法過帳,2025/9/25 下午 01:52:45
ASEF3,K11,8F,3910,817,過帳相關,"請協助刪除作業記錄
5-CDQMUW-001-003",連線異常,2025/9/25 下午 01:49:49
ASEF3,K25,8F,2400,815,過帳相關,"小黑盒壞了無法自動 MOVE IN/OUT
",無法過帳,2025/9/25 下午 01:43:53
ASEF3,K25,8F,2400,815,過帳相關,"小黑盒壞了無法自動 MOVE IN/OUT
",無法過帳,2025/9/25 下午 01:40:33
ASEF3,K25,8F,2400,813,過帳相關,"小黑盒壞了無法自動 MOVE IN/OUT
",無法過帳,2025/9/25 下午 01:36:38
ASEF3,K11,8F,3450,ALL,自動化設備相關,,機台異常,2025/9/25 下午 01:32:41
ASEF3,K25,8F,2400,807,過帳相關,"小黑盒壞了無法自動 MOVE IN/OUT
",無法過帳,2025/9/25 下午 01:31:01
ASEF3,K25,7F,2400,807,過帳相關,"小黑盒壞了無法自動 MOVE IN/OUT
",無法過帳,2025/9/25 下午 01:29:13
ASEF1,K21,8F,2500,ALL,自動化設備相關,A LINE 流道 NG,機台異常,2025/9/25 下午 01:27:13
ASEF3,K25,8F,2195,803,過帳相關,品質活動 CASS ID,無法過帳,2025/9/25 下午 01:17:55
ASEF3,K25,8F,2395,803,過帳相關,"392K83
392K84
小黑盒NG無法MOVIE IN/OUT",無法過帳,2025/9/25 下午 01:15:08
ASEF3,K25,8F,2400,807,過帳相關,"小黑盒壞了無法自動 MOVE IN/OUT
",無法過帳,2025/9/25 下午 01:01:26
ASEF3,K25,8F,2400,810,過帳相關,機台作業總片數與MES總片數比對失敗，不進行Move Out，Machine_QTY：[8]，MES_QTY：[16],參數比對異常,2025/9/25 下午 12:59:06
ASEF3,K25,8F,2400,807,過帳相關,機台作業總片數與MES總片數比對成功，Machine_QTY：[5]，MES_QTY：[5],參數比對異常,2025/9/25 下午 12:53:06
ASEF1,K21,8F,2500,ALL,自動化設備相關,A LINE NG,機台異常,2025/9/25 下午 12:49:58
ASEF3,K25,8F,2400,813,過帳相關,"機台作業總片數與MES總片數比對失敗，不進行Move Out，Machine_QTY：[8]，MES_QTY：[24]
",參數比對異常,2025/9/25 下午 12:49:23
ASEF3,K25,8F,2400,803,過帳相關,"機台作業總片數與MES總片數比對失敗，不進行Move Out，Machine_QTY：[8]，MES_QTY：[24]
",參數比對異常,2025/9/25 下午 12:42:50
ASEF3,K25,8F,2400,804,過帳相關,片數,無法過帳,2025/9/25 下午 12:15:51
ASEF3,K11,8F,3450,ALL,自動化設備相關,,機台異常,2025/9/25 下午 12:14:16
ASEF3,K11,8F,3910,823,過帳相關,請協助重開EAP,無法過帳,2025/9/25 下午 12:13:58
ASEF3,K11,8F,3260,ALL,自動化設備相關,,機台異常,2025/9/25 下午 12:13:47
ASEF3,K25,8F,2400,806,過帳相關,機台作業總片數與MES總片數比對失敗，不進行Move Out，Machine_QTY：[8]，MES_QTY：[24],參數比對異常,2025/9/25 下午 12:02:33
ASEF3,K11,8F,4110,ALL,自動化設備相關,4110自動化手臂滑片異常,機台異常,2025/9/25 上午 11:52:14
ASEF3,K25,8F,2395,805,過帳相關,"392K81
392K82

小黑盒壞了無法自動 MOVE IN/OUT",無法過帳,2025/9/25 上午 11:48:25
ASEF3,K25,8F,2400,816,過帳相關,"392K7Z
392K80

小黑盒壞了無法自動 MOVE IN/OUT",無法過帳,2025/9/25 上午 11:38:03
ASEF1,K21,8F,2715,A02,自動化設備相關,2715 A02 NG,機台異常,2025/9/25 上午 11:33:05
ASEF3,K25,8F,2395,808,過帳相關,品質活動 小黑盒NG,無法過帳,2025/9/25 上午 11:18:09
ASEF3,K25,8F,2400,807,過帳相關,"LEQME0
小黑盒壞了無法自動 MOVE IN/OUT",無法過帳,2025/9/25 上午 11:17:48
ASEF3,K25,8F,2395,808,過帳相關,品質活動 小黑盒NG,無法過帳,2025/9/25 上午 11:17:36
ASEF3,K25,8F,2395,808,過帳相關,品質活動 小黑盒NG,無法過帳,2025/9/25 上午 11:16:54
ASEF3,K25,8F,2400,815,過帳相關,"JVQMH3W001

小黑盒壞了無法自動 MOVE IN/OUT",無法過帳,2025/9/25 上午 11:10:20
ASEF3,K25,8F,2400,815,過帳相關,"AYQMW9W001
AYQMW9W002

小黑盒壞了無法自動 MOVE IN/OUT",無法過帳,2025/9/25 上午 11:03:40
ASEF3,K25,8F,2395,807,過帳相關,"LEQME5W001
LEQME5W002
小黑盒NG無法MOVIE IN/OUT",無法過帳,2025/9/25 上午 10:50:17
ASEF3,K25,8F,2195,804,過帳相關,品質活動 CASS ID,無法過帳,2025/9/25 上午 10:45:51
ASEF1,K21,8F,2715,A02,自動化設備相關,NG,過壓防撞,2025/9/25 上午 10:43:32
ASEF3,K25,8F,2395,804,過帳相關,"392K85.392K86
小黑盒NG無法MOVIE IN/OUT",無法過帳,2025/9/25 上午 10:28:11
ASEF3,K25,8F,2395,803,過帳相關,"392K7X.392K7Y
小黑盒NG無法MOVIE IN/OUT",無法過帳,2025/9/25 上午 10:27:02
ASEF3,K25,8F,2400,810,過帳相關,"392KHYW001
392KHYW002
小黑盒壞了無法自動 MOVE IN/OUT",無法過帳,2025/9/25 上午 10:16:53
ASEF3,K25,8F,2400,803,過帳相關,"392K7V
小黑盒壞了無法自動 MOVE IN/OUT",無法過帳,2025/9/25 上午 10:14:03
ASEF3,K25,8F,2400,802,過帳相關,機台作業總片數與MES總片數比對失敗，不進行Move Out，Machine_QTY：[13]，MES_QTY：[1],參數比對異常,2025/9/25 上午 09:39:59
ASEF3,K25,8F,2400,816,過帳相關,小黑盒壞了無法自動 MOVE IN/OUT,無法過帳,2025/9/25 上午 09:36:22
ASEF3,K25,8F,2400,807,過帳相關,小黑盒壞了無法自動 MOVE IN/OUT,無法過帳,2025/9/25 上午 09:23:02
ASEF3,K25,8F,2400,806,過帳相關,"MCQMR9 
小黑盒壞了無法自動 MOVE IN/OUT",無法過帳,2025/9/25 上午 09:20:40
ASEF3,K25,8F,2395,807,過帳相關,"LEQME5W002
LEQME5W001
RFID NG",無法過帳,2025/9/25 上午 09:12:16
ASEF3,K25,8F,4110,ALL,自動化設備相關,,機台異常,2025/9/25 上午 09:11:43
ASEF3,K25,8F,3260,ALL,自動化設備相關,,機台異常,2025/9/25 上午 09:11:23
ASEF3,K25,8F,3260,B32,自動化設備相關,,機台異常,2025/9/25 上午 09:00:17
ASEF3,K25,8F,2195,803,過帳相關,PSN,無法過帳,2025/9/25 上午 08:45:25
ASEF3,K25,8F,3670,E03,自動化設備相關,,機台異常,2025/9/25 上午 08:38:37
ASEF3,K25,7F,2400,815,過帳相關,小黑盒壞了無法自動 MOVE IN/OUT,無法過帳,2025/9/25 上午 08:27:03
ASEF3,K25,8F,2400,814,過帳相關,小黑盒壞了無法自動 MOVE IN/OUT,無法過帳,2025/9/25 上午 08:26:05
ASEF1,K21,8F,2715,A03,自動化設備相關,2715 A03 NG,機台異常,2025/9/25 上午 08:17:30
ASEF3,K25,8F,2400,802,過帳相關,82取貨,無法過帳,2025/9/25 上午 08:13:50
ASEF3,K25,8F,2400,813,過帳相關,小黑盒壞了無法自動 MOVE IN/OUT,無法過帳,2025/9/25 上午 08:11:22
ASEF3,K25,8F,4110,ALL,自動化設備相關,,機台異常,2025/9/25 上午 08:08:07
ASEF3,K25,8F,2400,813,過帳相關,小黑盒壞了,無法過帳,2025/9/25 上午 08:07:58
ASEF3,K11,8F,3910,810,過帳相關,"請協助刪除作業記錄
5-36O8EU-055-001",連線異常,2025/9/25 上午 08:01:22
ASEF3,K11,6F,4730,604,關閉比對,4730 #604  522L  AI PROFILE  最高溫比對異常，工程師 需求關閉比對，手動上傳爐溫，請協助關閉AI PROFILE,關整台,2025/9/25 上午 07:59:08
ASEF3,K11,7F,4730,818,關閉比對,4730#818  64(QR23) L  AI PROFILE   比對異常，工程師 需求關閉比對，手動上傳爐溫，請協助關閉AI PROFILE,關整台,2025/9/25 上午 07:58:47
ASEF3,K25,8F,2400,813,過帳相關,小黑盒壞了,無法過帳,2025/9/25 上午 07:58:46
ASEF3,K11,6F,4730,652,關閉比對,4730#652  852  MTK AI PROFILE   比對異常，待工程師校正， 需求關閉比對，手動上傳爐溫，請協助關閉AI PROFILE,關整台,2025/9/25 上午 07:58:25
ASEF3,K11,6F,4730,821,關閉比對,4730#821  346L  25JSI無建檔  AI PROFILE  ，需求關閉比對(待工程師新增)，手動上傳爐溫，請協助關閉AI PROFILE,關整台,2025/9/25 上午 07:58:08
ASEF3,K11,7F,4730,803,關閉比對,4730#803  264(MM1X) L  AI PROFILE   比對異常，EE TEAM 需求關閉比對，手動上傳爐溫，請協助關閉AI PROFILE,關整台,2025/9/25 上午 07:57:49
ASEF3,K11,6F,4730,603,關閉比對,4730#603  266L 無美光  PROFILE ，EE TEAM 需求關閉比對，手動上傳爐溫，請協助關閉AI PROFILE,關整台,2025/9/25 上午 07:57:32
ASEF3,K11,8F,4730,814,關閉比對,4730#814 過帳電腦故障，EE TEAM 需求關閉比對，手動上傳爐溫，請協助關閉AI PROFILE,關整台,2025/9/25 上午 07:57:14
ASEF3,K11,9F,4730,801,關閉比對,4730#801 無安裝 AI PROFILE，系統有卡 EE TEAM 需求關閉比對，手動上傳爐溫，請協助關閉AI PROFILE,關整台,2025/9/25 上午 07:56:59
ASEF3,K11,9F,4730,816,關閉比對,4730#816 無安裝 AI PROFILE，系統有卡 EE TEAM 需求關閉比對，手動上傳爐溫，請協助關閉AI PROFILE,關整台,2025/9/25 上午 07:56:44
ASEF3,K11,9F,4515,651,關閉比對,4515#651 需過帳4554站點，請協助關閉防漏洗功能,關整台,2025/9/25 上午 07:56:24
ASEF3,K25,8F,2195,803,過帳相關,品質活動 CASS ID,無法過帳,2025/9/25 上午 07:50:31
ASEF3,K22,8F,2400,815,過帳相關,機台作業總片數與MES總片數比對成功，Machine_QTY：[13]，MES_QTY：[13],參數比對異常,2025/9/25 上午 07:49:18
ASEF3,K25,8F,2395,805,過帳相關,機台作業總片數與MES總片數比對失敗,無法過帳,2025/9/25 上午 07:21:57
ASEF3,K25,8F,2400,06,過帳相關,"1 ASEF3-2400-806 CA00616BK EIG MCQMR7 2400 C7468 LogEAP_Error 機台作業總片數與MES總片數比對失敗，不進行Move Out，Machine_QTY：[13]，MES_QTY：[54] 
2 ASEF3-2400-806 CA00616BK EIG MCQMR6 2400 C7468 LogEAP_Error 機台作業總片數與MES總片數比對失敗，不進行Move Out，Machine_QTY：[13]，MES_QTY：[54]",無法過帳,2025/9/25 上午 07:19:04
ASEF3,K25,8F,3260,ALL,自動化設備相關,,機台異常,2025/9/25 上午 06:38:56
ASEF3,K25,8F,2395,807,過帳相關,機台作業總片數與MES總片數比對失敗,無法過帳,2025/9/25 上午 06:28:48
ASEF3,K25,8F,2395,801,過帳相關,ASEF3-2395-801 CA01605BK EIG JVQMH1W002 2395 C7468 LogEAP_Error 機台作業總片數與MES總片數比對失敗，不進行Move Out，Machine_QTY：[14]，MES_QTY：[12],無法過帳,2025/9/25 上午 06:10:37
ASEF3,K25,8F,2400,04,過帳相關,"ASEF3-2400-804 CA00189BK EIG 382KC8 2400 C7932 LogEAP_Error 機台作業總片數與MES總片數比對失敗，不進行Move Out，Machine_QTY：[9]，MES_QTY：[18] 
2 ASEF3-2400-804 CA00189BK EIG 382KB1 2400 C7932 LogEAP_Error 機台作業總片數與MES總片數比對失敗，不進行Move Out，Machine_QTY：[9]，MES_QTY：[18]",無法過帳,2025/9/25 上午 05:58:01
ASEF3,K11,8F,4110,ALL,自動化設備相關,,機台異常,2025/9/25 上午 05:42:09
ASEF3,K25,8F,2400,08,過帳相關,小黑盒,無法過帳,2025/9/25 上午 05:32:18
ASEF3,K25,8F,2400,07,過帳相關,小黑盒,無法過帳,2025/9/25 上午 05:28:51
ASEF3,K25,8F,4110,ALL,自動化設備相關,,機台異常,2025/9/25 上午 05:26:21
ASEF3,K25,8F,2395,809,過帳相關,機台作業總片數與MES總片數比對失敗,無法過帳,2025/9/25 上午 05:26:18
ASEF3,K25,8F,2400,07,過帳相關,"ASEF3-2400-807 CA00520BK EIG AYQMSFW002 2400 C7468 LogEAP_Error 機台作業總片數與MES總片數比對成功，Machine_QTY：[13]，MES_QTY：[13] 
2 ASEF3-2400-807 CA00520BK EIG AYQMSFW001 2400 C7468 LogEAP_Error 機台作業總片數與MES總片數比對成功，Machine_QTY：[13]，MES_QTY：[13",無法過帳,2025/9/25 上午 05:25:21
ASEF3,K25,8F,2400,13,過帳相關,小黑盒,無法過帳,2025/9/25 上午 05:22:00
ASEF3,K25,8F,2880,802,自動化設備相關,儲格F上方天車塞住,卡盒卡盤,2025/9/25 上午 05:17:47
ASEF3,K25,8F,2395,808,過帳相關,小黑盒壞掉,無法過帳,2025/9/25 上午 05:00:18
ASEF3,K25,8F,2880,ALL,自動化設備相關,,卡盒卡盤,2025/9/25 上午 04:48:55
ASEF3,K25,8F,2395,803,過帳相關,小黑盒壞掉,無法過帳,2025/9/25 上午 04:27:51
ASEF3,K25,8F,2400,15,過帳相關,小黑盒,無法過帳,2025/9/25 上午 04:17:00
ASEF3,K25,8F,2845,803,自動化設備相關,上方天車卡住不動,卡盒卡盤,2025/9/25 上午 04:01:05
ASEF3,K25,8F,2900,801H,過帳相關,WAFERID蒐集站點請輸入WAFERID,無法過帳,2025/9/25 上午 04:00:46
ASEF3,K25,8F,2395,812,過帳相關,HOLD LOT,無法過帳,2025/9/25 上午 03:51:28
ASEF3,K25,8F,2395,804,過帳相關,機台作業總片數與MES總片數比對失敗,無法過帳,2025/9/25 上午 03:29:01
ASEF3,K25,8F,2400,04,過帳相關,小黑盒,無法過帳,2025/9/25 上午 02:59:04
ASEF3,K25,8F,2400,04,過帳相關,"ASEF3-2400-804 CA01098BK EIG 382KC3 2400 K02984 LogEAP_Error 機台作業總片數與MES總片數比對失敗，不進行Move Out，Machine_QTY：[8]，MES_QTY：[16] 
2 ASEF3-2400-804 CA01098BK EIG 382KB6 2400 K02984 LogEAP_Error 機台作業總片數與MES總片數比對失敗，不進行Move Out，Machine_QTY：[8]，MES_QTY：[16]",無法過帳,2025/9/25 上午 02:56:17
ASEF3,K25,8F,2400,808,過帳相關,TrackOut 失敗(Fail):LotAYQMSE的狀態目前為Hold無法執行此功能,無法過帳,2025/9/25 上午 02:46:53
ASEF3,K25,8F,2395,809,過帳相關,機台作業總片數與MES總片數比對失敗,無法過帳,2025/9/25 上午 02:39:51
ASEF3,K25,8F,3260,ALL,自動化設備相關,,卡盒卡盤,2025/9/25 上午 02:35:14
ASEF3,K25,8F,2395,809,過帳相關,機台作業總片數與MES總片數比對失敗,無法過帳,2025/9/25 上午 02:25:03
ASEF3,K25,8F,2395,805,過帳相關,機台作業總片數與MES總片數比對失敗,無法過帳,2025/9/25 上午 02:23:07
ASEF3,K25,8F,2400,06,過帳相關,ASEF3-2400-806 CA00731BK EIG MCQMR8 2400 C7468 LogEAP_Error 機台作業總片數與MES總片數比對失敗，不進行Move Out，Machine_QTY：[12]，MES_QTY：[21],無法過帳,2025/9/25 上午 02:19:07
ASEF3,K25,8F,2400,07,過帳相關,小黑盒,無法過帳,2025/9/25 上午 02:18:00
ASEF3,K25,8F,2890,801,自動化設備相關,,卡盒卡盤,2025/9/25 上午 02:15:07
ASEF3,K25,8F,2900,813F,過帳相關,WAFER ID,異常退盒,2025/9/25 上午 02:12:23
ASEF3,K11,8F,4110,ALL,自動化設備相關,,機台異常,2025/9/25 上午 02:04:24
ASEF3,K25,8F,2400,07,過帳相關,"ASEF3-2400-807 CA01364BK EIG AYQMSDW002 2400 K02984 LogEAP_Error 機台作業總片數與MES總片數比對成功，Machine_QTY：[13]，MES_QTY：[13] 
2 ASEF3-2400-807 CA01364BK EIG AYQMSDW001 2400 K02984 LogEAP_Error 機台作業總片數與MES總片數比對成功，Machine_QTY：[13]，MES_QTY：[13",無法過帳,2025/9/25 上午 01:57:34
ASEF3,K25,8F,3260,ALL,自動化設備相關,,卡盒卡盤,2025/9/25 上午 01:53:10
ASEF3,K25,8F,2400,04,過帳相關,小黑盒,無法過帳,2025/9/25 上午 12:51:01
ASEF3,K25,8F,2400,03,過帳相關,"ASEF3-2400-803 CA01427BK EIG 392K7G 2400 C7932 LogEAP_Error 機台作業總片數與MES總片數比對失敗，不進行Move Out，Machine_QTY：[9]，MES_QTY：[18] 
2 ASEF3-2400-803 CA01427BK EIG 392K7F 2400 C7932 LogEAP_Error 機台作業總片數與MES總片數比對失敗，不進行Move Out，Machine_QTY：[9]，MES_QTY：[18]",無法過帳,2025/9/25 上午 12:48:08
ASEF3,K25,8F,4110,ALL,自動化設備相關,,卡盒卡盤,2025/9/25 上午 12:45:01
ASEF3,K25,8F,4110,ALL,自動化設備相關,,機台異常,2025/9/25 上午 12:42:28
ASEF3,K25,8F,2395,803,過帳相關,小黑盒壞掉,無法過帳,2025/9/25 上午 12:38:56
ASEF3,K25,8F,2395,809,過帳相關,小黑盒壞掉,無法過帳,2025/9/25 上午 12:17:27
ASEF3,K25,8F,3260,ALL,自動化設備相關,,卡盒卡盤,2025/9/25 上午 12:15:12
ASEF3,K25,8F,2395,809,過帳相關,"ASEF3-2395-809 CA01098BK EIG 382KC3 2395 C7468 LogEAP_Error 機台作業總片數與MES總片數比對失敗，不進行Move Out，Machine_QTY：[8]，MES_QTY：[16] 
2 ASEF3-2395-809 CA01098BK EIG 382KB6 2395 C7468 LogEAP_Error 機台作業總片數與MES總片數比對失敗，不進行Move Out，Machine_QTY：[8]，MES_QTY：[16]",無法過帳,2025/9/25 上午 12:13:16
ASEF3,K25,9F,3910,9003,自動化設備相關,LOADER NG,卡盒卡盤,2025/9/24 下午 11:54:17
ASEF3,K25,8F,2400,804,過帳相關,機台作業總片數與MES總片數比對失敗,無法過帳,2025/9/24 下午 11:43:16
ASEF3,K25,8F,2395,808,過帳相關,小黑盒壞掉,無法過帳,2025/9/24 下午 11:20:05
ASEF3,K25,8F,2395,804,過帳相關,機台作業總片數與MES總片數比對失敗,無法過帳,2025/9/24 下午 11:01:32
ASEF3,K25,8F,3260,ALL,自動化設備相關,,卡盒卡盤,2025/9/24 下午 10:47:56
ASEF3,K25,8F,2400,07,過帳相關,小黑盒,無法過帳,2025/9/24 下午 10:46:50
ASEF3,K25,8F,2395,805,過帳相關,"ASEF3-2395-805 CA02431BK EIG 382KC5 2395 C7468 LogEAP_Error 機台作業總片數與MES總片數比對失敗，不進行Move Out，Machine_QTY：[8]，MES_QTY：[16] 
2 ASEF3-2395-805 CA02431BK EIG 382KB4 2395 C7468 LogEAP_Error 機台作業總片數與MES總片數比對失敗，不進行Move Out，Machine_QTY：[8]，MES_QTY：[16] 
 
 
 . 

處理中,請稍候..",無法過帳,2025/9/24 下午 10:36:55
ASEF3,K25,8F,2395,809,過帳相關,小黑盒壞掉,無法過帳,2025/9/24 下午 10:19:37
ASEF3,K25,8F,2400,07,過帳相關,ASEF3-2400-807 CA03351BK EIG AYQMSP 2400 K02984 LogEAP_Error 機台作業總片數與MES總片數比對成功，Machine_QTY：[9]，MES_QTY：[9],無法過帳,2025/9/24 下午 10:16:45
ASEF3,K25,8F,2400,04,過帳相關,"ASEF3-2400-804 CA03336BK EIG 392K7N 2400 K01070 LogEAP_Error 機台作業總片數與MES總片數比對失敗，不進行Move Out，Machine_QTY：[9]，MES_QTY：[18] 
2 ASEF3-2400-804 CA03336BK EIG 392K7M 2400 K01070 LogEAP_Error 機台作業總片數與MES總片數比對失敗，不進行Move Out，Machine_QTY：[9]，MES_QTY：[18]",無法過帳,2025/9/24 下午 10:11:33
ASEF3,K11,8F,3910,823,過帳相關,38UYCP-010-005因2d time out，尚未打印請消除記錄,連線異常,2025/9/24 下午 10:07:16
ASEF3,K11,8F,4110,ALL,自動化設備相關,,機台異常,2025/9/24 下午 10:07:11
ASEF3,K25,8F,2400,808,過帳相關,HOLI LOT,無法過帳,2025/9/24 下午 10:05:38
ASEF3,K25,8F,3260,ALL,自動化設備相關,,過壓防撞,2025/9/24 下午 09:59:44
ASEF3,K25,8F,2400,03,過帳相關,小黑盒,無法過帳,2025/9/24 下午 09:15:46
ASEF3,K25,8F,2400,01,過帳相關,ASEF3-2400-801 CA00597BK EIG AYQMSMW002 2400 K01070 TRACK_OUT TrackOut 失敗(Fail):LotAYQMSMW002的狀態目前為Hold無法執行此功能，請確認。 The status of this lot AYQMSMW002is Hold.You can't performance this rule.Please check.,無法過帳,2025/9/24 下午 09:01:02
ASEF3,K25,8F,2400,03,過帳相關,"ASEF3-2400-803 CA03162BK EIG 392K7E 2400 K01070 LogEAP_Error 機台作業總片數與MES總片數比對失敗，不進行Move Out，Machine_QTY：[8]，MES_QTY：[16] 
2 ASEF3-2400-803 CA03162BK EIG 392K7D 2400 K01070 LogEAP_Error 機台作業總片數與MES總片數比對失敗，不進行Move Out，Machine_QTY：[8]，MES_QTY：[16]",無法過帳,2025/9/24 下午 08:45:37
ASEF3,K25,9F,3910,9005,過帳相關,"消除作業紀錄，批號：
5-382KUB-023-005",連線異常,2025/9/24 下午 08:40:55
ASEF3,K25,8F,2400,06,過帳相關,"ASEF3-2400-806 CA01841BK EIG CEQMEL 2400 K01070 LogEAP_Error 機台作業總片數與MES總片數比對失敗，不進行Move Out，Machine_QTY：[10]，MES_QTY：[11] 
2 ASEF3-2400-806 CA01841BK EIG CEQMEK 2400 K01070 LogEAP_Error 機台作業總片數與MES總片數比對失敗，不進行Move Out，Machine_QTY：[10]，MES_QTY：[11]",無法過帳,2025/9/24 下午 08:04:55
ASEF3,K25,8F,2395,801,過帳相關,機台作業總片數與MES總片數FAIL,無法過帳,2025/9/24 下午 08:02:33
ASEF3,K25,8F,2400,07,過帳相關,小黑盒 無法連線,無法過帳,2025/9/24 下午 08:00:23
ASEF3,K25,8F,2400,07,過帳相關,"CA03212BK EIG BZQMPQW002 2400 K01070 LogEAP_Error 機台作業總片數與MES總片數比對成功，Machine_QTY：[7]，MES_QTY：[7] 
3 ASEF3-2400-807 CA03212BK EIG BZQMPQW001 2400 K01070 LogEAP_Error 機台作業總片數與MES總片數比對成功，Machine_QTY：[7]，MES_QTY：[7] 
 
 
 . 

處理中,請稍候..",無法過帳,2025/9/24 下午 07:59:30
ASEF1,K22,8F,2945,0380,關閉比對,2945-0380 為虛擬機台過帳使用，還請協助關閉比對，謝謝。,關整台,2025/9/24 下午 07:57:01
ASEF3,K25,8F,2395,805,過帳相關,片數,無法過帳,2025/9/24 下午 07:24:43
ASEF3,K25,8F,4110,ALL,自動化設備相關,na,機台異常,2025/9/24 下午 07:24:40
ASEF3,K25,8F,2195,806,過帳相關,無法自動過帳,無法過帳,2025/9/24 下午 06:51:32
ASEF3,K25,8F,2400,807,過帳相關,小黑盒,無法過帳,2025/9/24 上午 07:50:32
ASEF3,K25,8F,2400,807,過帳相關,小黑盒,無法過帳,2025/9/24 上午 07:49:12
ASEF3,K25,8F,2395,810,過帳相關,NG 黑盒子無法連線,無法過帳,2025/9/23 上午 07:20:33
ASEF3,K25,8F,2400,804,過帳相關,小黑盒壞了無法連線,無法過帳,2025/9/23 上午 07:17:53
ASEF3,K25,8F,2395,802,過帳相關,"ASEF3-2395-802 CA03134BK EIG 382KM1 2395 K14183 LogEAP_Error 機台作業總片數與MES總片數比對失敗，不進行Move Out，Machine_QTY：[8]，MES_QTY：[16] 
2 ASEF3-2395-802 CA03134BK EIG 382KH2 2395 K14183 LogEAP_Error 機台作業總片數與MES總片數比對失敗，不進行Move Out，Machine_QTY：[8]，MES_QTY：[16]",無法過帳,2025/9/23 上午 07:17:09
ASEF3,K25,8F,2400,815,過帳相關,小黑盒壞了無法連線,異常退盒,2025/9/23 上午 07:16:51
ASEF3,K25,8F,2400,804,過帳相關,機台作業總片數與MES總片數比對失敗，不進行Move Out，Machine_QTY：[8]，MES_QTY：[16],無法過帳,2025/9/23 上午 07:15:41
ASEF3,K25,8F,2400,803,過帳相關,機台作業總片數與MES總片數比對失敗，不進行Move Out，Machine_QTY：[8]，MES_QTY：[16],無法過帳,2025/9/23 上午 07:14:06
ASEF3,K25,8F,3260,ALL,自動化設備相關,,過壓防撞,2025/9/23 上午 06:37:19
ASEF3,K25,8F,3670,E05,自動化設備相關,,過壓防撞,2025/9/23 上午 06:29:03
ASEF3,K25,8F,2400,813,過帳相關,小黑盒壞了無法連線,無法過帳,2025/9/23 上午 06:14:23
ASEF3,K25,8F,3260,ALL,自動化設備相關,,卡盒卡盤,2025/9/23 上午 06:14:19
ASEF3,K25,8F,2400,810,過帳相關,機台作業總片數與MES總片數比對失敗，不進行Move Out，Machine_QTY：[12]，MES_QTY：[6],無法過帳,2025/9/23 上午 06:12:22
ASEF3,K25,8F,2400,813,過帳相關,小黑盒壞了無法連線,無法過帳,2025/9/23 上午 06:11:12
ASEF3,K25,8F,2890,801,自動化設備相關,NG,偵測檢知異常,2025/9/23 上午 05:53:27
ASEF3,K25,8F,2395,808,過帳相關,NG 黑盒子無法連線,無法過帳,2025/9/23 上午 05:51:55
ASEF3,K25,8F,3260,ALL,自動化設備相關,alarm,卡盒卡盤,2025/9/23 上午 05:15:33
ASEF3,K25,8F,2395,802,過帳相關,機台作業總片數與MES總片數比對失敗，不進行Move Out，Machine_QTY：[8]，MES_QTY：[16],無法過帳,2025/9/23 上午 05:14:00
ASEF3,K25,8F,2395,804,過帳相關,機台作業總片數與MES總片數比對失敗，不進行Move Out，Machine_QTY：[9]，MES_QTY：[11],無法過帳,2025/9/23 上午 05:09:39
ASEF3,K25,8F,2900,817H,過帳相關,wafer id,異常退盒,2025/9/23 上午 05:07:32
ASEF3,K25,8F,3260,ALL,自動化設備相關,alarm,過壓防撞,2025/9/23 上午 04:39:30
ASEF3,K25,8F,2400,815,過帳相關,小黑盒壞了無法連線,無法過帳,2025/9/23 上午 04:33:12
ASEF3,K25,8F,2400,804,過帳相關,機台作業總片數與MES總片數比對失敗，不進行Move Out，Machine_QTY：[7]，MES_QTY：[14],無法過帳,2025/9/23 上午 04:27:01
ASEF3,K25,8F,2400,803,過帳相關,機台作業總片數與MES總片數比對失敗，不進行Move Out，Machine_QTY：[8]，MES_QTY：[16],無法過帳,2025/9/23 上午 04:25:44
ASEF3,K25,8F,2395,807,過帳相關,"ASEF3-2395-807 CA03688BK EIG 382KBY 2395 K14153 LogEAP_Error 機台作業總片數與MES總片數比對失敗，不進行Move Out，Machine_QTY：[9]，MES_QTY：[18] 
2 ASEF3-2395-807 CA03688BK EIG 382KBB 2395 K14153 LogEAP_Error 機台作業總片數與MES總片數比對失敗，不進行Move Out，Machine_QTY：[9]，MES_QTY：[18]",無法過帳,2025/9/23 上午 04:02:37
ASEF3,K25,8F,2900,804H,過帳相關,WAFER ID,異常退盒,2025/9/23 上午 03:39:17
ASEF3,K25,8F,2395,808,過帳相關,NG 黑盒子無法連線,無法過帳,2025/9/23 上午 03:34:22
ASEF3,K25,8F,2395,808,過帳相關,NG 黑盒子無法連線,無法過帳,2025/9/23 上午 03:30:17
ASEF3,K25,8F,2400,15,過帳相關,小黑盒壞了無法連線,無法過帳,2025/9/23 上午 03:24:53
ASEF3,K25,8F,2400,13,過帳相關,小黑盒壞了無法連線,無法過帳,2025/9/23 上午 03:17:30
ASEF3,K25,8F,2395,803,過帳相關,"ASEF3-2395-803 CA03041BK EIG 382KL8 2395 K14183 LogEAP_Error 機台作業總片數與MES總片數比對失敗，不進行Move Out，Machine_QTY：[8]，MES_QTY：[16] 
2 ASEF3-2395-803 CA03041BK EIG 382KG9 2395 K14183 LogEAP_Error 機台作業總片數與MES總片數比對失敗，不進行Move Out，Machine_QTY：[8]，MES_QTY：[16]",無法過帳,2025/9/23 上午 03:12:24
ASEF3,K25,8F,2400,813,過帳相關,機台作業總片數與MES總片數比對失敗，不進行Move Out，Machine_QTY：[9]，MES_QTY：[18],無法過帳,2025/9/23 上午 02:51:16
ASEF3,K25,8F,2395,812,過帳相關,機台作業總片數與MES總片數比對失敗，不進行Move Out，Machine_QTY：[12]，MES_QTY：[6],無法過帳,2025/9/23 上午 02:28:16
ASEF3,K25,8F,2400,804,過帳相關,機台作業總片數與MES總片數比對失敗，不進行Move Out，Machine_QTY：[9]，MES_QTY：[18],無法過帳,2025/9/23 上午 02:23:21
ASEF3,K25,8F,3670,ALL,自動化設備相關,alarm,偵測檢知異常,2025/9/23 上午 02:16:06
ASEF3,K25,8F,2395,809,過帳相關,小黑盒壞了無法連線,無法過帳,2025/9/23 上午 02:15:16
ASEF3,K25,8F,3800,ALL,自動化設備相關,alarm,過壓防撞,2025/9/23 上午 02:06:09
ASEF3,K25,8F,3260,ALL,自動化設備相關,alarm,卡盒卡盤,2025/9/23 上午 02:05:35
ASEF3,K25,8F,2400,03,過帳相關,"ASEF3-2400-803 CA03642BK EIG 382KL5 2400 K14183 LogEAP_Error 機台作業總片數與MES總片數比對失敗，不進行Move Out，Machine_QTY：[8]，MES_QTY：[16] 
2 ASEF3-2400-803 CA03642BK EIG 382KG6 2400 K14183 LogEAP_Error 機台作業總片數與MES總片數比對失敗，不進行Move Out，Machine_QTY：[8]，MES_QTY：[16] 
 
 
 . 

處理中,請稍候..",無法過帳,2025/9/23 上午 01:54:52
ASEF3,K25,8F,2395,804,過帳相關,"ASEF3-2395-804 CA00383BK EIG 382KBT 2395 K14153 LogEAP_Error 機台作業總片數與MES總片數比對失敗，不進行Move Out，Machine_QTY：[8]，MES_QTY：[16] 
2 ASEF3-2395-804 CA00383BK EIG 382KBG 2395 K14153 LogEAP_Error 機台作業總片數與MES總片數比對失敗，不進行Move Out，Machine_QTY：[8]，MES_QTY：[16] 
 
 
 . 

處理中,請稍候..",無法過帳,2025/9/23 上午 01:49:43
ASEF3,K25,9F,3910,9002,過帳相關,"請協助消除5-372KGG-004-001的作業紀錄
謝謝",連線異常,2025/9/23 上午 01:34:36
ASEF3,K25,8F,2395,807,過帳相關,"ASEF3-2395-807 CA00111BK EIG 382KBV 2395 K14153 LogEAP_Error 機台作業總片數與MES總片數比對失敗，不進行Move Out，Machine_QTY：[7]，MES_QTY：[14] 
2 ASEF3-2395-807 CA00111BK EIG 382KBE 2395 K14153 LogEAP_Error 機台作業總片數與MES總片數比對失敗，不進行Move Out，Machine_QTY：[7]，MES_QTY：[14] 
 
 
 . 

處理中,請稍候..",無法過帳,2025/9/23 上午 01:34:08
ASEF3,K25,8F,4110,ALL,自動化設備相關,alarm,卡盒卡盤,2025/9/23 上午 01:27:33
ASEF3,K25,8F,2395,808,過帳相關,NG 黑盒子無法連線,無法過帳,2025/9/23 上午 01:07:59
ASEF3,K25,8F,2400,802,過帳相關,機台作業總片數與MES總片數比對失敗，不進行Move Out，Machine_QTY：[8]，MES_QTY：[16],無法過帳,2025/9/23 上午 12:59:42
ASEF3,K25,8F,3260,ALL,自動化設備相關,alarm,卡盒卡盤,2025/9/23 上午 12:57:27
ASEF3,K25,8F,2395,803,過帳相關,機台作業總片數與MES總片數比對失敗，不進行Move Out，Machine_QTY：[8]，MES_QTY：[16],無法過帳,2025/9/23 上午 12:57:24
ASEF3,K25,8F,2400,815,過帳相關,小黑盒壞了無法連線,無法過帳,2025/9/23 上午 12:47:06
ASEF3,K25,8F,2395,805,過帳相關,機台作業總片數與MES總片數比對失敗，不進行Move Out，Machine_QTY：[9]，MES_QTY：[18],無法過帳,2025/9/23 上午 12:28:17
ASEF3,K25,8F,2890,803,自動化設備相關,alarm,卡盒卡盤,2025/9/22 下午 11:56:25
ASEF3,K25,8F,2400,04,過帳相關,"ASEF3-2400-804 CA02597BK EIG 382KBX 2400 K14183 LogEAP_Error 機台作業總片數與MES總片數比對失敗，不進行Move Out，Machine_QTY：[8]，MES_QTY：[16] 
2 ASEF3-2400-804 CA02597BK EIG 382KBC 2400 K14183 LogEAP_Error 機台作業總片數與MES總片數比對失敗，不進行Move Out，Machine_QTY：[8]，MES_QTY：[16]",無法過帳,2025/9/22 下午 11:46:13
ASEF3,K25,8F,3260,ALL,自動化設備相關,alarm,卡盒卡盤,2025/9/22 下午 11:21:16
ASEF3,K25,8F,2395,807,過帳相關,"ASEF3-2395-807 CA02841BK EIG 382KBZ 2395 K14153 LogEAP_Error 機台作業總片數與MES總片數比對失敗，不進行Move Out，Machine_QTY：[9]，MES_QTY：[18] 
2 ASEF3-2395-807 CA02841BK EIG 382KBA 2395 K14153 LogEAP_Error 機台作業總片數與MES總片數比對失敗，不進行Move Out，Machine_QTY：[9]，MES_QTY：[18]",無法過帳,2025/9/22 下午 11:16:53
ASEF3,K25,8F,2890,804,自動化設備相關,alarm,卡盒卡盤,2025/9/22 下午 11:06:09
ASEF3,K25,8F,2395,808,過帳相關,NG 黑盒子無法連線,無法過帳,2025/9/22 下午 11:02:59
ASEF3,K11,8F,4110,ALL,自動化設備相關,NG,機台異常,2025/9/22 下午 11:01:41
ASEF3,K25,8F,2400,803,過帳相關,機台作業總片數與MES總片數比對失敗，不進行Move Out，Machine_QTY：[8]，MES_QTY：[16],無法過帳,2025/9/22 下午 10:53:49
ASEF3,K25,8F,2400,815,過帳相關,小黑盒壞了無法連線,無法過帳,2025/9/22 下午 10:52:57
ASEF3,K25,8F,2395,803,過帳相關,"ASEF3-2395-803 CA03642BK EIG 382KL5 2395 K14153 LogEAP_Error 機台作業總片數與MES總片數比對失敗，不進行Move Out，Machine_QTY：[8]，MES_QTY：[16] 
2 ASEF3-2395-803 CA03642BK EIG 382KG6 2395 K14153 LogEAP_Error 機台作業總片數與MES總片數比對失敗，不進行Move Out，Machine_QTY：[8]，MES_QTY：[16] 
 
 
 . 

處理中,請稍候..",無法過帳,2025/9/22 下午 10:31:47
ASEF3,K25,8F,2395,805,過帳相關,MES QTY,無法過帳,2025/9/22 下午 10:23:44
ASEF3,K25,8F,2400,10,過帳相關,"ASEF3-2400-810 CA03389BK EIG 38UY6FW003 2400 F0450 LogEAP_Error 機台作業總片數與MES總片數比對失敗，不進行Move Out，Machine_QTY：[13]，MES_QTY：[7] 
2 ASEF3-2400-810 CA03389BK EIG 38UY6FW001 2400 F0450 LogEAP_Error 機台作業總片數與MES總片數比對失敗，不進行Move Out，Machine_QTY：[13]，MES_QTY：[7] 
 
 
 . 

處理中,請稍候..",無法過帳,2025/9/22 下午 10:10:54
ASEF3,K11,8F,4110,ALL,自動化設備相關,NG,機台異常,2025/9/22 下午 10:06:00
ASEF3,K25,8F,3260,ALL,自動化設備相關,alarm,過壓防撞,2025/9/22 下午 09:49:44
ASEF3,K25,8F,3800,ALL,自動化設備相關,alarm,過壓防撞,2025/9/22 下午 09:49:21
ASEF3,K25,8F,2400,807,過帳相關,小黑盒壞了無法連線,無法過帳,2025/9/22 下午 09:37:34
ASEF3,K25,8F,2400,802,過帳相關,機台作業總片數與MES總片數比對失敗，不進行Move Out，Machine_QTY：[8]，MES_QTY：[16],無法過帳,2025/9/22 下午 09:28:28
ASEF3,K25,8F,3260,ALL,自動化設備相關,alarm,卡盒卡盤,2025/9/22 下午 09:25:35
ASEF3,K25,8F,2400,804,過帳相關,機台作業總片數與MES總片數比對失敗，不進行Move Out，Machine_QTY：[8]，MES_QTY：[16],無法過帳,2025/9/22 下午 09:23:50
ASEF3,K11,8F,4110,ALL,自動化設備相關,NG,機台異常,2025/9/22 下午 09:21:19
ASEF3,K25,8F,3260,ALL,自動化設備相關,alarm,過壓防撞,2025/9/22 下午 09:08:18
ASEF3,K25,8F,2400,813,過帳相關,小黑盒壞了無法連線,無法過帳,2025/9/22 下午 09:02:20
ASEF3,K25,8F,2400,806,過帳相關,機台作業總片數與MES總片數比對成功，Machine_QTY：[13]，MES_QTY：[13],無法過帳,2025/9/22 下午 08:36:03
ASEF3,K25,8F,2400,815,過帳相關,小黑盒壞了無法連線,無法過帳,2025/9/22 下午 07:58:56
ASEF3,K11,6F,4730,604,關閉比對,4730 #604  522L  AI PROFILE  最高溫比對異常，工程師 需求關閉比對，手動上傳爐溫，請協助關閉AI PROFILE,關整台,2025/9/22 下午 07:57:04
ASEF3,K25,8F,2395,805,過帳相關,"ASEF3-2395-805 CA02597BK EIG 382KBX 2395 K06598 LogEAP_Error 機台作業總片數與MES總片數比對失敗，不進行Move Out，Machine_QTY：[8]，MES_QTY：[16] 
2 ASEF3-2395-805 CA02597BK EIG 382KBC 2395 K06598 LogEAP_Error 機台作業總片數與MES總片數比對失敗，不進行Move Out，Machine_QTY：[8]，MES_QTY：[16]",無法過帳,2025/9/22 下午 07:56:48
ASEF3,K11,7F,4730,818,關閉比對,4730#818  424  AI PROFILE   比對異常，EE TEAM 需求關閉比對，手動上傳爐溫，請協助關閉AI PROFILE,關整台,2025/9/22 下午 07:56:47
ASEF3,K25,8F,2395,803,過帳相關,"ASEF3-2395-803 CA01137BK EIG 382KL1 2395 K06598 LogEAP_Error 機台作業總片數與MES總片數比對失敗，不進行Move Out，Machine_QTY：[8]，MES_QTY：[16] 
2 ASEF3-2395-803 CA01137BK EIG 382KG2 2395 K06598 LogEAP_Error 機台作業總片數與MES總片數比對失敗，不進行Move Out，Machine_QTY：[8]，MES_QTY：[16] 
 
 
 . 

處理中,請稍候..",無法過帳,2025/9/22 下午 07:56:11
ASEF3,K25,8F,2395,802,過帳相關,"ASEF3-2395-802 CA03308BK EIG 382KL2 2395 K06598 LogEAP_Error 機台作業總片數與MES總片數比對失敗，不進行Move Out，Machine_QTY：[8]，MES_QTY：[16] 
2 ASEF3-2395-802 CA03308BK EIG 382KG3 2395 K06598 LogEAP_Error 機台作業總片數與MES總片數比對失敗，不進行Move Out，Machine_QTY：[8]，MES_QTY：[16]",無法過帳,2025/9/22 下午 07:55:26
ASEF3,K11,7F,4730,821,關閉比對,4730#821  346L  25JSI無建檔  AI PROFILE  ，需求關閉比對(待工程師新增)，手動上傳爐溫，請協助關閉AI PROFILE,關整台,2025/9/22 下午 07:54:47
ASEF3,K11,7F,4730,803,關閉比對,4730#803  264(MM1X) L  AI PROFILE   比對異常，EE TEAM 需求關閉比對，手動上傳爐溫，請協助關閉AI PROFILE,關整台,2025/9/22 下午 07:54:30
ASEF3,K11,6F,4730,603,關閉比對,4730#603  266L 無美光  PROFILE ，EE TEAM 需求關閉比對，手動上傳爐溫，請協助關閉AI PROFILE,關整台,2025/9/22 下午 07:54:10
ASEF3,K11,8F,4730,814,關閉比對,4730#814 過帳電腦故障，EE TEAM 需求關閉比對，手動上傳爐溫，請協助關閉AI PROFILE,關整台,2025/9/22 下午 07:53:53
ASEF3,K11,9F,4730,801,關閉比對,4730#801 無安裝 AI PROFILE，系統有卡 EE TEAM 需求關閉比對，手動上傳爐溫，請協助關閉AI PROFILE,關整台,2025/9/22 下午 07:53:31
ASEF3,K11,9F,4730,816,關閉比對,4730#816 無安裝 AI PROFILE，系統有卡 EE TEAM 需求關閉比對，手動上傳爐溫，請協助關閉AI PROFILE,關整台,2025/9/22 下午 07:53:08
ASEF3,K11,9F,4515,651,關閉比對,4515#651 需過帳4554站點，請協助關閉防漏洗功能,關整台,2025/9/22 下午 07:52:50
ASEF3,K25,8F,4110,ALL,自動化設備相關,alarm,條碼讀取異常,2025/9/22 下午 07:45:03
ASEF3,K25,8F,2900,812H,過帳相關,品質活動:TrackOut 失敗(Fail):批號:L382KDSB001 WAFERID蒐集站點請輸入WAFERID.(MUST KEY IN WAFERID),無法過帳,2025/9/22 下午 07:11:03
ASEF1,K21,8F,2715,ALL,自動化設備相關,A02.A03過壓,過壓防撞,2025/9/22 下午 06:51:37
ASEF3,K25,8F,2400,04,過帳相關,小黑盒無法連線,連線異常,2025/9/22 下午 06:47:42
ASEF3,K25,8F,2400,04,過帳相關,小黑盒無法連線,無法過帳,2025/9/22 下午 06:45:25
ASEF3,K25,8F,3260,ALL,自動化設備相關,,機台異常,2025/9/22 下午 06:42:52
ASEF3,K25,8F,2195,805,過帳相關,品質活動 CASS ID,無法過帳,2025/9/22 下午 06:41:35
ASEF3,K25,8F,2900,817H,過帳相關,"品質活動
LDQMZTB001 WAFERID蒐集站點請輸入WAFERID.(MUST KEY IN WAFERID)",無法過帳,2025/9/22 下午 06:37:28
ASEF3,K25,8F,2400,07,過帳相關,小黑盒無法連線,無法過帳,2025/9/22 下午 06:18:57
ASEF3,K25,8F,2395,804,過帳相關,機台作業總片數與MES總片數比對失敗，不進行Move Out，Machine_QTY：[8]，MES_QTY：[16],參數比對異常,2025/9/22 下午 06:11:38
ASEF3,K25,8F,2400,807,過帳相關,小黑盒壞掉無法連線,無法過帳,2025/9/22 下午 05:54:48
ASEF1,K21,8F,2500,ALL,自動化設備相關,B區異常,機台異常,2025/9/22 下午 05:29:39
ASEF1,K21,8F,2715,A03,自動化設備相關,NG,過壓防撞,2025/9/22 下午 05:28:52
ASEF3,K25,8F,2395,812,過帳相關,機台作業總片數與MES總片數比對失敗，不進行Move Out，Machine_QTY：[13]，MES_QTY：[7],參數比對異常,2025/9/22 下午 05:27:26
ASEF3,K25,9F,3910,9003,過帳相關,"5-382KYK-007-007
5-382KYK-007-008
刪除以上2D紀錄",連線異常,2025/9/22 下午 05:18:46
ASEF3,K25,8F,2395,805,過帳相關,機台作業總片數與MES總片數比對失敗，不進行Move Out，Machine_QTY：[8]，MES_QTY：[16],參數比對異常,2025/9/22 下午 05:17:59
ASEF3,K25,8F,2400,815,過帳相關,機台作業總片數與MES總片數比對成功，Machine_QTY：[12]，MES_QTY：[12],參數比對異常,2025/9/22 下午 05:08:36
ASEF3,K25,8F,2195,803,過帳相關,品質活動 CASS ID,無法過帳,2025/9/22 下午 05:01:11
ASEF3,K25,8F,2195,804,過帳相關,品質活動 CASS ID,無法過帳,2025/9/22 下午 05:00:37
ASEF3,K25,8F,2195,803,過帳相關,品質活動 CASS ID,無法過帳,2025/9/22 下午 04:59:54
ASEF3,K25,8F,2195,805,過帳相關,品質活動 CASS ID,無法過帳,2025/9/22 下午 04:59:17
ASEF3,K25,8F,2195,802,過帳相關,品質活動 每日清潔,無法過帳,2025/9/22 下午 04:58:31
ASEF3,K25,8F,3260,ALL,自動化設備相關,,機台異常,2025/9/22 下午 04:54:33
ASEF3,K25,8F,4110,ALL,自動化設備相關,,機台異常,2025/9/22 下午 04:53:13
ASEF1,K21,8F,2500,ALL,自動化設備相關,B LINE NG,機台異常,2025/9/22 下午 04:50:51
ASEF3,K25,8F,3190,802,自動化設備相關,品質活動:loder夾貨放歪。,過壓防撞,2025/9/22 下午 04:40:54
ASEF1,K21,8F,2715,A03,自動化設備相關,2715 A03 NG,機台異常,2025/9/22 下午 04:28:02
ASEF3,K25,8F,2400,08,過帳相關,小黑盒無法連線,連線異常,2025/9/22 下午 04:09:54
ASEF3,K25,8F,2400,04,過帳相關,小黑盒無法連線,連線異常,2025/9/22 下午 04:05:00
ASEF3,K25,8F,2400,04,過帳相關,小黑盒無法連線,連線異常,2025/9/22 下午 04:04:36
ASEF3,K25,8F,2400,01,過帳相關,小黑盒無法連線,連線異常,2025/9/22 下午 03:56:49
ASEF3,K25,7F,2400,01,過帳相關,小黑盒無法連線,無法過帳,2025/9/22 下午 03:49:08
ASEF1,K21,8F,2715,A03,自動化設備相關,過壓,過壓防撞,2025/9/22 下午 03:48:47
ASEF3,K25,8F,3800,05,自動化設備相關,,機台異常,2025/9/22 下午 03:20:23
ASEF3,K25,8F,3800,03,自動化設備相關,,機台異常,2025/9/22 下午 03:20:04
ASEF3,K25,8F,4110,ALL,自動化設備相關,,機台異常,2025/9/22 下午 03:08:13
ASEF3,K25,8F,3260,ALL,自動化設備相關,,機台異常,2025/9/22 下午 03:07:56
ASEF3,K25,8F,3260,ALL,自動化設備相關,,機台異常,2025/9/22 下午 02:51:15
ASEF1,K21,8F,2715,A03,自動化設備相關,2715 A03 NG,機台異常,2025/9/22 下午 02:15:39
ASEF3,K25,8F,3260,ALL,自動化設備相關,,機台異常,2025/9/22 下午 02:11:58
ASEF1,K21,8F,2715,A03,自動化設備相關,NG,過壓防撞,2025/9/22 下午 01:08:37
ASEF3,K25,8F,2395,812,過帳相關,機台作業總片數與MES總片數比對失敗，不進行Move Out，Machine_QTY：[8]，MES_QTY：[16],參數比對異常,2025/9/22 下午 01:05:53
ASEF3,K25,8F,2395,808,過帳相關,小黑盒  壞掉無法連線,無法過帳,2025/9/22 下午 12:46:23
ASEF3,K25,8F,2400,815,過帳相關,機台作業總片數與MES總片數比對成功，Machine_QTY：[6]，MES_QTY：[6],參數比對異常,2025/9/22 下午 12:36:07
ASEF3,K25,8F,2400,807,過帳相關,小黑盒壞了無法連線,無法過帳,2025/9/22 下午 12:25:58
ASEF3,K25,8F,2400,807,過帳相關,小黑盒壞了無法連線,無法過帳,2025/9/22 下午 12:07:59
ASEF3,K11,8F,4110,A05,自動化設備相關,,機台異常,2025/9/22 下午 12:04:54
ASEF3,K25,8F,2400,13,過帳相關,小黑盒無法連線,無法過帳,2025/9/22 上午 11:28:18
ASEF3,K25,7F,2400,13,過帳相關,小黑盒無法連線,無法過帳,2025/9/22 上午 11:27:49
ASEF3,K25,8F,3800,08,自動化設備相關,,偵測檢知異常,2025/9/22 上午 11:26:25
ASEF3,K25,8F,2395,806,過帳相關,機台作業總片數與MES總片數比對失敗，不進行Move Out，Machine_QTY：[7]，MES_QTY：[12],無法過帳,2025/9/22 上午 11:22:45
ASEF3,K11,6F,4730,652,關閉比對,4730#652  386L 無MTK  PROFILE ，EE TEAM 需求關閉比對，手動上傳爐溫，請協助關閉AI PROFILE,關整台,2025/9/22 上午 11:17:51
ASEF3,K25,8F,3260,ALL,自動化設備相關,,機台異常,2025/9/22 上午 11:15:29
ASEF3,K25,8F,2400,03,過帳相關,小黑盒無法連線,無法過帳,2025/9/22 上午 11:05:32
ASEF3,K25,8F,2400,10,過帳相關,小黑盒無法連線,無法過帳,2025/9/22 上午 10:47:18
ASEF3,K25,8F,2400,10,過帳相關,小黑盒無法連線,無法過帳,2025/9/22 上午 10:46:47
ASEF3,K25,8F,2395,812,過帳相關,機台作業總片數與MES總片數比對失敗，不進行Move Out，Machine_QTY：[12]，MES_QTY：[24],參數比對異常,2025/9/22 上午 10:43:00
ASEF3,K25,8F,2400,08,過帳相關,小黑盒無法連線,無法過帳,2025/9/22 上午 10:29:46
ASEF3,K25,8F,2400,15,過帳相關,小黑盒無法連線,連線異常,2025/9/22 上午 10:27:26
ASEF3,K25,8F,3260,ALL,自動化設備相關,,機台異常,2025/9/22 上午 10:10:20
ASEF3,K25,8F,2400,07,過帳相關,小黑盒無法連線,無法過帳,2025/9/22 上午 10:02:52
ASEF3,K25,8F,2400,07,過帳相關,小黑盒無法連線,無法過帳,2025/9/22 上午 10:02:17
ASEF3,K11,8F,3910,808,過帳相關,"請協助刪除作業記錄
5-JXQMC2-016-005",連線異常,2025/9/22 上午 10:00:12
ASEF3,K25,8F,2400,14,過帳相關,小黑盒無法連線,無法過帳,2025/9/22 上午 09:57:26
ASEF3,K25,8F,2400,10,過帳相關,小黑盒無法連線,連線異常,2025/9/22 上午 09:35:08
ASEF3,K25,8F,4110,ALL,自動化設備相關,,機台異常,2025/9/22 上午 09:34:58
ASEF3,K25,8F,3260,ALL,自動化設備相關,,機台異常,2025/9/22 上午 09:34:39
ASEF3,K22,8F,2400,10,過帳相關,小黑盒無法連線,連線異常,2025/9/22 上午 09:34:35
ASEF3,K11,9F,4110,ALL,自動化設備相關,,默停,2025/9/22 上午 09:33:25
ASEF3,K25,8F,2395,809,過帳相關,機台作業總片數與MES總片數比對失敗，不進行Move Out，Machine_QTY：[6]，MES_QTY：[1],參數比對異常,2025/9/22 上午 09:26:39
ASEF3,K25,8F,2395,808,過帳相關,小黑盒  壞掉無法連線,無法過帳,2025/9/22 上午 09:20:33
ASEF3,K25,8F,2395,808,過帳相關,小黑盒  壞掉無法連線,無法過帳,2025/9/22 上午 09:17:05
ASEF3,K25,8F,2400,13,過帳相關,小黑盒無法連線,連線異常,2025/9/22 上午 09:17:05
ASEF3,K25,8F,2400,13,過帳相關,小黑盒無法連線,連線異常,2025/9/22 上午 09:16:35
ASEF1,K21,5F,2195,C01,過帳相關,"TOSA作業己作完,請改回正常作業模式",連線異常,2025/9/22 上午 09:01:52
ASEF3,K25,8F,2395,805,過帳相關,機台作業總片數與MES總片數比對失敗，不進行Move Out，Machine_QTY：[2]，MES_QTY：[4],參數比對異常,2025/9/22 上午 08:43:13
ASEF1,K21,8F,2715,ALL,過帳相關,NG,無法過帳,2025/9/22 上午 08:27:50
ASEF3,K25,8F,3670,ALL,自動化設備相關,,機台異常,2025/9/22 上午 08:27:44
ASEF3,K25,8F,3260,ALL,自動化設備相關,,機台異常,2025/9/22 上午 08:27:22
ASEF3,K22,8F,2400,07,過帳相關,小黑盒無法連線,無法過帳,2025/9/22 上午 08:24:42
ASEF3,K11,9F,4730,819,關閉比對,4730#819  1058L 無MTK  PROFILE ，EE TEAM 需求關閉比對，手動上傳爐溫，請協助關閉AI PROFILE,關整台,2025/9/22 上午 08:14:35
ASEF1,K21,8F,2715,A03,過帳相關,MOVE OUT 失敗,無法過帳,2025/9/22 上午 08:04:30
ASEF3,K11,6F,4730,604,關閉比對,4730 #604  522L  AI PROFILE  最高溫比對異常，工程師 需求關閉比對，手動上傳爐溫，請協助關閉AI PROFILE,關整台,2025/9/22 上午 08:03:55
ASEF3,K11,7F,4730,818,關閉比對,4730#818  264(MM1X) L  AI PROFILE   比對異常，EE TEAM 需求關閉比對，手動上傳爐溫，請協助關閉AI PROFILE,關整台,2025/9/22 上午 08:03:36
ASEF3,K11,6F,4730,602,關閉比對,4730#602 288L SQ  AI PROFILE最高溫異常  ，需求關閉比對(待工程師新增)，手動上傳爐溫，請協助關閉AI PROFILE,關整台,2025/9/22 上午 08:03:18
ASEF3,K11,7F,4730,821,關閉比對,4730#821  346L  25JSI無建檔  AI PROFILE  ，需求關閉比對(待工程師新增)，手動上傳爐溫，請協助關閉AI PROFILE,關整台,2025/9/22 上午 08:02:47
ASEF3,K11,7F,4730,803,關閉比對,4730#803  264(MM1X) L  AI PROFILE   比對異常，EE TEAM 需求關閉比對，手動上傳爐溫，請協助關閉AI PROFILE,關整台,2025/9/22 上午 08:02:14
ASEF3,K11,6F,4730,603,關閉比對,4730#603  266L 無美光  PROFILE ，EE TEAM 需求關閉比對，手動上傳爐溫，請協助關閉AI PROFILE,關整台,2025/9/22 上午 08:01:37
ASEF3,K11,8F,4730,814,關閉比對,4730#814 過帳電腦故障，EE TEAM 需求關閉比對，手動上傳爐溫，請協助關閉AI PROFILE,關整台,2025/9/22 上午 07:56:19
ASEF3,K11,9F,4730,801,關閉比對,4730#801 無安裝 AI PROFILE，系統有卡 EE TEAM 需求關閉比對，手動上傳爐溫，請協助關閉AI PROFILE,關整台,2025/9/22 上午 07:56:01
ASEF3,K11,8F,4730,816,關閉比對,4730#816 無安裝 AI PROFILE，系統有卡 EE TEAM 需求關閉比對，手動上傳爐溫，請協助關閉AI PROFILE,關整台,2025/9/22 上午 07:55:45
ASEF3,K11,9F,4515,651,關閉比對,4515#651 需過帳4554站點，請協助關閉防漏洗功能,關整台,2025/9/22 上午 07:55:27
ASEF3,K25,8F,2400,07,過帳相關,小黑盒無法連線,無法過帳,2025/9/22 上午 07:52:12
ASEF3,K25,8F,2400,07,過帳相關,小黑盒無法連線,連線異常,2025/9/22 上午 07:49:14
ASEF3,K25,8F,3260,ALL,自動化設備相關,,機台異常,2025/9/22 上午 07:48:47
ASEF3,K25,8F,2400,07,過帳相關,小黑盒無法連線,連線異常,2025/9/22 上午 07:48:39
ASEF1,K22,8F,2945,0380,過帳相關,,無法過帳,2025/9/22 上午 07:47:41
ASEF3,K25,8F,2395,809,過帳相關,"ASEF3-2395-809 CA00641BK EIG AYQMJDW002 2395 K14183 LogEAP_Error 機台作業總片數與MES總片數比對失敗，不進行Move Out，Machine_QTY：[6]，MES_QTY：[8] 
2 ASEF3-2395-809 CA00641BK EIG AYQMJDW001 2395 K14183 LogEAP_Error 機台作業總片數與MES總片數比對失敗，不進行Move Out，Machine_QTY：[6]，MES_QTY：[8]",無法過帳,2025/9/22 上午 07:21:11
ASEF3,K25,8F,2900,813F,過帳相關,wafer id,異常退盒,2025/9/22 上午 07:18:26
ASEF3,K25,8F,2400,804,過帳相關,機台作業總片數與MES總片數比對失敗，不進行Move Out，Machine_QTY：[13]，MES_QTY：[26],無法過帳,2025/9/22 上午 07:17:51
ASEF3,K25,8F,2395,804,過帳相關,小黑盒壞了 無法連線,無法過帳,2025/9/22 上午 06:46:05
ASEF3,K25,8F,2400,803,過帳相關,小黑盒壞了無法連線,無法過帳,2025/9/22 上午 06:44:37
ASEF3,K25,8F,2395,804,過帳相關,機台作業總片數與MES總片數比對失敗，不進行Move Out，Machine_QTY：[12]，MES_QTY：[24],無法過帳,2025/9/22 上午 06:41:59
ASEF3,K25,8F,2395,808,過帳相關,小黑盒壞了 無法連線,無法過帳,2025/9/22 上午 06:41:46
ASEF3,K25,8F,2395,808,過帳相關,"ASEF3-2395-808 CA00655BK EIG JNQMC9W002 2395 K14153 LogEAP_Error 機台作業總片數與MES總片數比對成功，Machine_QTY：[13]，MES_QTY：[13] 
2 ASEF3-2395-808 CA00655BK EIG JNQMC9W001 2395 K14153 LogEAP_Error 機台作業總片數與MES總片數比對成功，Machine_QTY：[13]，MES_QTY：[13]",無法過帳,2025/9/22 上午 06:38:54
ASEF3,K25,8F,2400,813,過帳相關,小黑盒壞了無法連線,無法過帳,2025/9/22 上午 06:33:23
ASEF3,K25,8F,2400,808,過帳相關,小黑盒壞了無法連線,無法過帳,2025/9/22 上午 06:32:45
ASEF3,K25,8F,2400,808,過帳相關,小黑盒壞了無法連線,無法過帳,2025/9/22 上午 06:32:08
ASEF3,K25,8F,2195,802,過帳相關,alarm,連線異常,2025/9/22 上午 06:26:00
ASEF3,K25,8F,2880,803,自動化設備相關,alarm,卡盒卡盤,2025/9/22 上午 06:22:45
ASEF3,K25,8F,2395,803,過帳相關,ASEF3-2395-810 CA03169BK EIG AYQMJDW003 2395 K14153 LogEAP_Error 機台作業總片數與MES總片數比對失敗，不進行Move Out，Machine_QTY：[7]，MES_QTY：[5],無法過帳,2025/9/22 上午 06:18:06
ASEF3,K25,8F,3260,ALL,自動化設備相關,alarm,卡盒卡盤,2025/9/22 上午 06:15:26
ASEF3,K25,8F,2395,810,過帳相關,ASEF3-2395-810 CA03169BK EIG AYQMJDW003 2395 K14153 LogEAP_Error 機台作業總片數與MES總片數比對失敗，不進行Move Out，Machine_QTY：[7]，MES_QTY：[5],無法過帳,2025/9/22 上午 06:13:04
ASEF3,K25,8F,2400,802,過帳相關,機台作業總片數與MES總片數比對失敗，不進行Move Out，Machine_QTY：[9]，MES_QTY：[18],無法過帳,2025/9/22 上午 06:08:14
ASEF3,K25,9F,3910,9002,過帳相關,"2D TIME OUT,協助刪除雷射作業紀錄
5-372KP4-019-006 & 5-372KP4-019-007",連線異常,2025/9/22 上午 05:32:02
ASEF3,K25,8F,2400,807,過帳相關,小黑盒  壞掉無法連線,無法過帳,2025/9/22 上午 05:29:11
ASEF3,K25,8F,2400,807,過帳相關,小黑盒  壞掉無法連線,無法過帳,2025/9/22 上午 05:27:55
ASEF3,K25,8F,2395,809,過帳相關,ASEF3-2395-809 CA04026BK EIG AYQMJK 2395 K14153 TRACK_OUT TrackOut 失敗(Fail):ADC資料必要欄位查無數值-欄位名稱:64-31-2395-0001/06(FC_2395_04_00186[2nd 雷射寬度(mm)/2nd Laser kerf width]) ADC資料必要欄位查無數值-欄位名稱:64-31-2395-0001/16(FC_2395_04_00308[缺點代碼/Defect code]) 請使用手動過帳,無法過帳,2025/9/22 上午 05:23:40
ASEF3,K25,7F,2400,815,過帳相關,小黑盒  壞掉無法連線,無法過帳,2025/9/22 上午 04:40:45
ASEF3,K25,8F,4110,B20,自動化設備相關,,卡盒卡盤,2025/9/22 上午 04:28:19
ASEF3,K25,8F,3260,B19,自動化設備相關,alarm,卡盒卡盤,2025/9/22 上午 04:27:42
ASEF3,K25,8F,4110,B20,自動化設備相關,alarm,過壓防撞,2025/9/22 上午 04:27:10
ASEF3,K25,8F,2400,815,過帳相關,小黑盒  壞掉無法連線,無法過帳,2025/9/22 上午 04:26:26
ASEF3,K25,8F,2400,808,過帳相關,小黑盒  壞掉無法連線,無法過帳,2025/9/22 上午 04:22:01
ASEF3,K25,8F,2400,808,過帳相關,小黑盒  壞掉無法連線,無法過帳,2025/9/22 上午 04:21:28
ASEF3,K25,8F,2400,813,過帳相關,小黑盒  壞掉無法連線,無法過帳,2025/9/22 上午 04:20:33
ASEF3,K25,8F,2395,805,過帳相關,"ASEF3-2395-805 CA04107BK EIG 382KK7 2395 K14153 LogEAP_Error 機台作業總片數與MES總片數比對失敗，不進行Move Out，Machine_QTY：[8]，MES_QTY：[16] 
2 ASEF3-2395-805 CA04107BK EIG 382KF8 2395 K14153 LogEAP_Error 機台作業總片數與MES總片數比對失敗，不進行Move Out，Machine_QTY：[8]，MES_QTY：[16]",無法過帳,2025/9/22 上午 03:51:27
ASEF3,K25,8F,2400,08,過帳相關,小黑盒  壞掉無法連線,無法過帳,2025/9/22 上午 03:48:21
ASEF3,K25,8F,2395,803,過帳相關,"ASEF3-2395-803 CA03251BK EIG 382KL3 2395 K14183 LogEAP_Error 機台作業總片數與MES總片數比對失敗，不進行Move Out，Machine_QTY：[9]，MES_QTY：[18] 
2 ASEF3-2395-803 CA03251BK EIG 382KG4 2395 K14183 LogEAP_Error 機台作業總片數與MES總片數比對失敗，不進行Move Out，Machine_QTY：[9]，MES_QTY：[18]",無法過帳,2025/9/22 上午 03:39:26
ASEF3,K25,8F,2395,808,過帳相關,小黑盒壞了 無法連線,無法過帳,2025/9/22 上午 03:34:22
ASEF3,K25,8F,2400,14,過帳相關,ASEF3-2400-814 CA03188BK EIG AYQMJTW001  K14183 TRACK_OUT TrackOut 失敗(Fail):LotAYQMJTW001的狀態目前為Hold無法執行此功能，請確認。 The status of this lot AYQMJTW001is Hold.You can't performance this rule.Please check.,無法過帳,2025/9/22 上午 03:10:18
ASEF3,K25,8F,2400,807,過帳相關,小黑盒  壞掉無法連線,無法過帳,2025/9/22 上午 02:34:22
ASEF3,K25,8F,2400,807,過帳相關,小黑盒  壞掉無法連線,無法過帳,2025/9/22 上午 02:33:07
ASEF3,K25,8F,2890,801,自動化設備相關,,偵測檢知異常,2025/9/22 上午 02:31:22
ASEF3,K25,8F,4110,ALL,自動化設備相關,,過壓防撞,2025/9/22 上午 02:24:16
ASEF3,K25,9F,3910,9003,自動化設備相關,,卡盒卡盤,2025/9/22 上午 02:24:10
ASEF3,K25,8F,2400,815,過帳相關,早班作業未過帳補過,無法過帳,2025/9/22 上午 02:16:56
ASEF3,K25,8F,2395,808,過帳相關,小黑盒壞了 無法連線,無法過帳,2025/9/22 上午 01:54:54
ASEF3,K25,8F,2395,808,過帳相關,小黑盒壞了 無法連線,無法過帳,2025/9/22 上午 01:29:32
ASEF3,K25,8F,3260,B27,自動化設備相關,,命令異常,2025/9/22 上午 01:28:37
ASEF3,K25,8F,2395,801,過帳相關,ASEF3-2395-801 CA00189BK EIG LDQMZU 2395 K14153 LogEAP_Error 機台作業總片數與MES總片數比對成功，Machine_QTY：[9]，MES_QTY：[9],無法過帳,2025/9/22 上午 01:09:48
ASEF3,K22,8F,3910,9006,自動化設備相關,,卡盒卡盤,2025/9/22 上午 01:09:29
ASEF3,K25,8F,2400,802,過帳相關,機台作業總片數與MES總片數比對失敗，不進行Move Out，Machine_QTY：[8]，MES_QTY：[16],無法過帳,2025/9/22 上午 01:09:02
ASEF3,K25,8F,2400,815,過帳相關,小黑盒  壞掉無法連線,無法過帳,2025/9/22 上午 01:05:38
ASEF3,K25,8F,2400,808,過帳相關,小黑盒  壞掉無法連線,無法過帳,2025/9/22 上午 12:39:13
ASEF3,K25,8F,2400,813,過帳相關,小黑盒  壞掉無法連線,無法過帳,2025/9/22 上午 12:15:32
ASEF3,K25,8F,2400,807,過帳相關,小黑盒  壞掉無法連線,無法過帳,2025/9/22 上午 12:07:37
